repo	pr_id	file_path
ros-ocp-backend	SKIP	.cursor/rules/agent-anti-patterns.mdc
ros-ocp-backend	SKIP	.cursor/rules/db-upsert-safety.mdc
ros-ocp-backend	SKIP	.cursor/rules/docs-site-sync.mdc
ros-ocp-backend	SKIP	.cursor/rules/sno-cluster-operations.mdc
ros-ocp-backend	SKIP	.cursor/skills/query-performance-review/SKILL.md
ros-ocp-backend	SKIP	.cursor/skills/scale-benchmark/SKILL.md
ros-ocp-backend	ROS-0.5	.env.example
ros-ocp-backend	ROS-0.1	.github/architectural-paths.txt
ros-ocp-backend	ROS-0.10	.github/openapi-paths.txt
ros-ocp-backend	ROS-0.1	.github/pull_request_template.md
ros-ocp-backend	ROS-0.1	.github/workflows/adr-reminder.yml
ros-ocp-backend	ROS-0.1	.github/workflows/codeql.yml
ros-ocp-backend	ROS-0.1	.github/workflows/docs.yml
ros-ocp-backend	ROS-0.1	.github/workflows/govulncheck.yml
ros-ocp-backend	ROS-0.10	.github/workflows/openapi-changelog-check.yml
ros-ocp-backend	ROS-0.1	.gitignore
ros-ocp-backend	ROS-0.5	.unleash/bootstrap.json
ros-ocp-backend	ROS-0.1	CHANGELOG.md
ros-ocp-backend	ROS-0.1	CONTRIBUTING.md
ros-ocp-backend	ROS-0.11	Dockerfile
ros-ocp-backend	ROS-0.1	LICENSE
ros-ocp-backend	ROS-0.11	Makefile
ros-ocp-backend	ROS-0.11	Pipfile
ros-ocp-backend	ROS-0.1	README.md
ros-ocp-backend	ROS-0.11	clowdapp.yaml
ros-ocp-backend	ROS-0.11	cmd/aggregator.go
ros-ocp-backend	ROS-1.5.2	cmd/bench/main.go
ros-ocp-backend	ROS-1.5.2	cmd/compare/main.go
ros-ocp-backend	ROS-1.5.2	cmd/compare/transform_test.go
ros-ocp-backend	ROS-0.11	cmd/db.go
ros-ocp-backend	ROS-0.11	cmd/start.go
ros-ocp-backend	ROS-0.11	dashboards/grafana-dashboard-insights-rosocp-general.configmap.yaml
ros-ocp-backend	ROS-1.2	deploy/migrations/000158_replica_optimization.down.sql
ros-ocp-backend	ROS-1.2	deploy/migrations/000158_replica_optimization.up.sql
ros-ocp-backend	ROS-0.6	deploy/migrations/concurrent-index-job.yaml
ros-ocp-backend	ROS-0.3	docs-site/api-reference/notification-codes.md
ros-ocp-backend	ROS-1.3	docs-site/api-reference/oom-timeline.md
ros-ocp-backend	ROS-4.1	docs-site/api-reference/quota-trend.md
ros-ocp-backend	ROS-0.1	docs-site/architecture/adrs.md
ros-ocp-backend	ROS-0.1	docs-site/architecture/api-versioning.md
ros-ocp-backend	ROS-0.1	docs-site/architecture/charts/decay-weights-30d-hl10d.png
ros-ocp-backend	ROS-0.1	docs-site/architecture/charts/decay-weights-30d-hl15d.png
ros-ocp-backend	ROS-0.1	docs-site/architecture/charts/decay-weights-30d-hl20d.png
ros-ocp-backend	ROS-0.1	docs-site/architecture/configurability.md
ros-ocp-backend	ROS-0.1	docs-site/architecture/cost-integration.md
ros-ocp-backend	ROS-0.1	docs-site/architecture/database-conventions.md
ros-ocp-backend	ROS-0.1	docs-site/architecture/decay-weights.md
ros-ocp-backend	ROS-0.1	docs-site/architecture/gpu-catalogs.md
ros-ocp-backend	ROS-0.1	docs-site/architecture/gpu-classification.md
ros-ocp-backend	ROS-0.1	docs-site/architecture/hpa-vpa-deployment-modes.md
ros-ocp-backend	ROS-0.1	docs-site/architecture/kafka-schema.md
ros-ocp-backend	ROS-0.1	docs-site/architecture/koku-tdigest-idea.md
ros-ocp-backend	ROS-0.1	docs-site/architecture/motivation.md
ros-ocp-backend	ROS-0.1	docs-site/architecture/native-migration.md
ros-ocp-backend	ROS-0.1	docs-site/architecture/notification-codes.md
ros-ocp-backend	ROS-0.1	docs-site/architecture/performance-analysis.md
ros-ocp-backend	ROS-0.1	docs-site/architecture/plugin-architecture.md
ros-ocp-backend	ROS-0.1	docs-site/architecture/plugin-phases.md
ros-ocp-backend	ROS-0.1	docs-site/architecture/recommendation-engines.md
ros-ocp-backend	ROS-0.1	docs-site/architecture/recommendation-ids.md
ros-ocp-backend	ROS-0.1	docs-site/architecture/recommendation-math.md
ros-ocp-backend	ROS-0.1	docs-site/architecture/requirements.md
ros-ocp-backend	ROS-0.1	docs-site/architecture/test-plan.md
ros-ocp-backend	ROS-0.1	docs-site/architecture/understanding-recommendations.md
ros-ocp-backend	ROS-0.1	docs-site/assets/visual-insights-node-heatmap.png
ros-ocp-backend	ROS-0.1	docs-site/assets/visual-insights-pvc-projection.png
ros-ocp-backend	ROS-0.1	docs-site/assets/visual-insights-vm-heatmap.png
ros-ocp-backend	ROS-0.1	docs-site/assets/visual-insights-vm-sizing-chart.png
ros-ocp-backend	ROS-0.1	docs-site/changelog.md
ros-ocp-backend	ROS-0.5	docs-site/configuration.md
ros-ocp-backend	ROS-0.1	docs-site/contributing.md
ros-ocp-backend	ROS-0.1	docs-site/development.md
ros-ocp-backend	ROS-1.3	docs-site/features/business-hours.md
ros-ocp-backend	ROS-4.1	docs-site/features/cluster-resource-quota.md
ros-ocp-backend	ROS-1.3	docs-site/features/configurable-thresholds.md
ros-ocp-backend	ROS-1.3	docs-site/features/container-recommendations.md
ros-ocp-backend	ROS-1.5.1	docs-site/features/dual-engine.md
ros-ocp-backend	ROS-6.1	docs-site/features/gpu-classification.md
ros-ocp-backend	ROS-6.1	docs-site/features/gpu-mig.md
ros-ocp-backend	ROS-6.1	docs-site/features/gpu-time-slicing.md
ros-ocp-backend	ROS-11.1	docs-site/features/history-and-quality.md
ros-ocp-backend	ROS-1.3	docs-site/features/idle-detection.md
ros-ocp-backend	ROS-1.3	docs-site/features/index.md
ros-ocp-backend	ROS-2.1	docs-site/features/namespace-recommendations.md
ros-ocp-backend	ROS-3.1	docs-site/features/node-recommendations.md
ros-ocp-backend	ROS-1.3	docs-site/features/percentile-band-chart-comparison.png
ros-ocp-backend	ROS-1.3	docs-site/features/percentile-band-plots.md
ros-ocp-backend	ROS-5.1	docs-site/features/pvc-rightsizing.md
ros-ocp-backend	ROS-4.1	docs-site/features/quota-recommendations.md
ros-ocp-backend	ROS-11.1	docs-site/features/savings-estimations.md
ros-ocp-backend	ROS-5.1	docs-site/features/snapshot-staleness.md
ros-ocp-backend	ROS-0.9	docs-site/features/tag-filtering.md
ros-ocp-backend	ROS-7.1	docs-site/features/virtual-machines.md
ros-ocp-backend	ROS-0.5	docs-site/features/visual-insights.md
ros-ocp-backend	ROS-0.1	docs-site/index.md
ros-ocp-backend	ROS-1.3	docs-site/known-issues.md
ros-ocp-backend	ROS-0.11	docs-site/monitoring.md
ros-ocp-backend	ROS-0.10	docs-site/openapi.md
ros-ocp-backend	ROS-0.5	docs-site/operations/adversarial-reviews.md
ros-ocp-backend	ROS-0.5	docs-site/operations/benchmark-report.md
ros-ocp-backend	ROS-0.5	docs-site/operations/configuration.md
ros-ocp-backend	ROS-0.5	docs-site/operations/dual-write-mode.md
ros-ocp-backend	ROS-0.5	docs-site/operations/performance-and-scalability.md
ros-ocp-backend	ROS-0.5	docs-site/operations/performance-engineering-guide.md
ros-ocp-backend	ROS-0.5	docs-site/operations/performance-reviews.md
ros-ocp-backend	ROS-0.5	docs-site/operations/scale-benchmark-report.md
ros-ocp-backend	ROS-0.5	docs-site/operations/scale-benchmark-runbook.md
ros-ocp-backend	ROS-0.5	docs-site/operations/scale-test-plan-perfscale.md
ros-ocp-backend	ROS-0.5	docs-site/operations/upgrade-runbook.md
ros-ocp-backend	ROS-0.10	docs-site/pagination.md
ros-ocp-backend	SKIP	docs-site/planned-features/autoscaler-optimization.md
ros-ocp-backend	SKIP	docs-site/planned-features/cross-cluster-vm-placement.md
ros-ocp-backend	SKIP	docs-site/planned-features/hpa-recommendations.md
ros-ocp-backend	SKIP	docs-site/planned-features/index.md
ros-ocp-backend	SKIP	docs-site/planned-features/java-jvm.md
ros-ocp-backend	SKIP	docs-site/planned-features/librobne-scalability.md
ros-ocp-backend	SKIP	docs-site/planned-features/local-mode.md
ros-ocp-backend	SKIP	docs-site/planned-features/machineset-recommendations.md
ros-ocp-backend	SKIP	docs-site/planned-features/network.md
ros-ocp-backend	SKIP	docs-site/planned-features/replica-count-optimization.md
ros-ocp-backend	SKIP	docs-site/planned-features/robne-cli.md
ros-ocp-backend	SKIP	docs-site/planned-features/seasonality.md
ros-ocp-backend	SKIP	docs-site/planned-features/visual-insights.md
ros-ocp-backend	SKIP	docs-site/planned-features/vpa-recommendations.md
ros-ocp-backend	ROS-1.3	docs-site/plugin-reference/business-hours.md
ros-ocp-backend	ROS-4.1	docs-site/plugin-reference/cluster-quota.md
ros-ocp-backend	ROS-1.3	docs-site/plugin-reference/container.md
ros-ocp-backend	ROS-0.1	docs-site/plugin-reference/example.md
ros-ocp-backend	ROS-6.1	docs-site/plugin-reference/gpu.md
ros-ocp-backend	ROS-1.3	docs-site/plugin-reference/idle-detection.md
ros-ocp-backend	ROS-0.1	docs-site/plugin-reference/index.md
ros-ocp-backend	ROS-0.1	docs-site/plugin-reference/kruize.md
ros-ocp-backend	ROS-2.1	docs-site/plugin-reference/namespace.md
ros-ocp-backend	ROS-3.1	docs-site/plugin-reference/node.md
ros-ocp-backend	ROS-0.1	docs-site/plugin-reference/plugin.md
ros-ocp-backend	ROS-5.1	docs-site/plugin-reference/pvc.md
ros-ocp-backend	ROS-0.10	docs-site/plugin-reference/query-parameters.md
ros-ocp-backend	ROS-4.1	docs-site/plugin-reference/quota.md
ros-ocp-backend	ROS-5.1	docs-site/plugin-reference/snapshot.md
ros-ocp-backend	ROS-7.1	docs-site/plugin-reference/vm.md
ros-ocp-backend	ROS-0.6	docs-site/query-performance.md
ros-ocp-backend	ROS-0.1	docs-site/quickstart.md
ros-ocp-backend	ROS-0.5	docs-site/security/compliance-architecture.md
ros-ocp-backend	ROS-0.5	docs-site/security/hardening-guide.md
ros-ocp-backend	ROS-0.5	docs-site/security/index.md
ros-ocp-backend	ROS-0.1	docs-site/testing.md
ros-ocp-backend	ROS-0.1	docs-site/testing/iqe-requirements-registration.md
ros-ocp-backend	ROS-0.1	docs-site/testing/test-data-recipes.md
ros-ocp-backend	ROS-0.1	docs-site/testing/validating-native-engine.md
ros-ocp-backend	ROS-1.3	docs-site/ui-integration-guide.md
ros-ocp-backend	ROS-0.1	docs-site/whats-new.md
ros-ocp-backend	ROS-0.1	docs/README.md
ros-ocp-backend	ROS-0.1	docs/adr/0001-native-engine-over-kruize.md
ros-ocp-backend	ROS-0.2	docs/adr/0002-exact-go-percentiles-over-timescaledb.md
ros-ocp-backend	ROS-0.7	docs/adr/0003-read-once-compute-n-terms.md
ros-ocp-backend	ROS-1.2	docs/adr/0004-dual-cost-performance-engine-rows.md
ros-ocp-backend	ROS-0.4	docs/adr/0005-decay-weighted-average-half-life.md
ros-ocp-backend	ROS-1.2	docs/adr/0006-p60-vs-p98-cpu-p95-vs-max-memory.md
ros-ocp-backend	ROS-0.2	docs/adr/0007-adaptive-margin-p95-p50-over-mean.md
ros-ocp-backend	ROS-1.2	docs/adr/0008-25-millcore-cpu-floor.md
ros-ocp-backend	ROS-1.2	docs/adr/0009-limit-request-times-1-05.md
ros-ocp-backend	ROS-1.2	docs/adr/0010-logarithmic-oom-bump-capped-1-60.md
ros-ocp-backend	ROS-0.4	docs/adr/0011-fixed-idle-thresholds-10mcpu-10mib.md
ros-ocp-backend	ROS-0.4	docs/adr/0012-three-state-idle-zombie-active.md
ros-ocp-backend	ROS-0.4	docs/adr/0013-idle-classify-inline-during-produce.md
ros-ocp-backend	ROS-2.1	docs/adr/0014-namespace-idle-after-container-gpu-priority-90.md
ros-ocp-backend	ROS-3.1	docs/adr/0015-node-target-utilization-80-vs-55.md
ros-ocp-backend	ROS-3.1	docs/adr/0016-cost-consolidation-any-performance-2x-headroom.md
ros-ocp-backend	ROS-3.1	docs/adr/0017-ema-smoothed-imbalance-stranded-resources.md
ros-ocp-backend	ROS-3.1	docs/adr/0018-operator-node-allocatable-over-fallback.md
ros-ocp-backend	ROS-6.1	docs/adr/0019-multi-metric-gpu-tree.md
ros-ocp-backend	ROS-6.1	docs/adr/0020-p98-fb-times-1-20-mig-profile.md
ros-ocp-backend	ROS-6.1	docs/adr/0021-exclude-idle-memory-bound-mig-from-timeslicing.md
ros-ocp-backend	ROS-6.1	docs/adr/0022-timeslicing-replicas-clamp-2-8-majority-rule.md
ros-ocp-backend	ROS-6.1	docs/adr/0023-gpu-confidence-data-volume-burst-penalty.md
ros-ocp-backend	ROS-6.1	docs/adr/0024-external-yaml-gpu-catalog.md
ros-ocp-backend	ROS-5.1	docs/adr/0025-pvc-thresholds-20-oversized-85-near-full.md
ros-ocp-backend	ROS-5.1	docs/adr/0026-pvc-size-max-usage-times-2-floor-1gib.md
ros-ocp-backend	ROS-5.1	docs/adr/0027-pvc-longer-terms-zero-decay.md
ros-ocp-backend	ROS-4.1	docs/adr/0028-quota-engine-container-cost-medium-term.md
ros-ocp-backend	ROS-4.1	docs/adr/0029-quota-headroom-10-percent-70-90-risk-bands.md
ros-ocp-backend	ROS-4.1	docs/adr/0030-quota-after-container-crq-after-namespace.md
ros-ocp-backend	ROS-5.1	docs/adr/0031-snapshot-priority-ordered-rules.md
ros-ocp-backend	ROS-5.1	docs/adr/0032-snapshot-restoresize-for-cost.md
ros-ocp-backend	ROS-7.1	docs/adr/0033-vm-p95-p99-whole-units-downsize-hysteresis.md
ros-ocp-backend	ROS-7.1	docs/adr/0034-normalize-vm-gpu-devices-child-table.md
ros-ocp-backend	ROS-7.1	docs/adr/0035-business-hours-nested-block.md
ros-ocp-backend	ROS-8.1	docs/adr/0036-business-hours-container-namespace-only.md
ros-ocp-backend	ROS-7.1	docs/adr/0037-adoption-detection-5-percent-tolerance.md
ros-ocp-backend	ROS-0.3	docs/adr/0038-notification-code-bitmap-1-63.md
ros-ocp-backend	ROS-0.2	docs/adr/0040-allow-negative-savings.md
ros-ocp-backend	ROS-0.2	docs/adr/0041-savings-on-all-hours-row-only.md
ros-ocp-backend	ROS-0.1	docs/adr/0042-desired-replicas-over-pod-count-avg.md
ros-ocp-backend	ROS-0.1	docs/adr/0043-instance-type-consolidation-level-3.md
ros-ocp-backend	ROS-0.1	docs/adr/0044-linear-regression-trend-2-day-minimum.md
ros-ocp-backend	ROS-0.1	docs/adr/0045-daily-digest-tables-not-raw-metrics.md
ros-ocp-backend	ROS-0.1	docs/adr/0046-bigint-for-all-metric-columns.md
ros-ocp-backend	ROS-0.1	docs/adr/0047-integer-cents-basis-points-millicores.md
ros-ocp-backend	ROS-0.1	docs/adr/0048-relational-columns-not-jsonb-blobs.md
ros-ocp-backend	ROS-0.1	docs/adr/0049-term-engine-workload-type-in-pks.md
ros-ocp-backend	ROS-0.1	docs/adr/0050-uuid-v5-deterministic-recommendation-ids.md
ros-ocp-backend	ROS-0.1	docs/adr/0051-org-id-on-every-detail-lookup.md
ros-ocp-backend	ROS-0.1	docs/adr/0052-org-container-keys-denormalized-index.md
ros-ocp-backend	ROS-0.1	docs/adr/0053-split-list-query-keys-and-detail.md
ros-ocp-backend	ROS-0.1	docs/adr/0054-resolved-tags-jsonb-on-keys-table.md
ros-ocp-backend	ROS-0.1	docs/adr/0055-query-time-boxplots-from-samples.md
ros-ocp-backend	ROS-0.1	docs/adr/0056-boxplot-6h-and-daily-buckets.md
ros-ocp-backend	ROS-0.1	docs/adr/0057-allowlisted-bucket-sql-expressions.md
ros-ocp-backend	ROS-0.1	docs/adr/0058-partition-by-usage-start-month.md
ros-ocp-backend	ROS-0.1	docs/adr/0059-auto-create-partitions-in-go.md
ros-ocp-backend	ROS-0.1	docs/adr/0060-separate-recommendation-history.md
ros-ocp-backend	ROS-0.1	docs/adr/0061-dual-engine-rows-for-nodes.md
ros-ocp-backend	ROS-0.1	docs/adr/0062-analytics-incomplete-flag-on-failure.md
ros-ocp-backend	ROS-0.1	docs/adr/0063-centralized-migrations-with-plugin-headers.md
ros-ocp-backend	ROS-0.2	docs/adr/0064-money-amount-api-cents-internal.md
ros-ocp-backend	ROS-0.1	docs/adr/0065-kruize-compatible-json-shape.md
ros-ocp-backend	ROS-0.1	docs/adr/0066-keyset-after-cursor-pagination.md
ros-ocp-backend	ROS-0.1	docs/adr/0068-filter-project-canonical-namespace-alias.md
ros-ocp-backend	ROS-0.1	docs/adr/0069-filter-term-normalized.md
ros-ocp-backend	ROS-0.1	docs/adr/0070-engine-filter-dual-engine-resources-only.md
ros-ocp-backend	ROS-0.1	docs/adr/0071-exclude-gpu-from-savings-summary.md
ros-ocp-backend	ROS-0.1	docs/adr/0072-exclude-quota-from-fleet-savings.md
ros-ocp-backend	ROS-0.1	docs/adr/0073-dynamic-openapi-x-plugin-required.md
ros-ocp-backend	ROS-0.1	docs/adr/0074-manual-openapi-contract-tests.md
ros-ocp-backend	ROS-0.1	docs/adr/0075-gzip-responses-over-1kb.md
ros-ocp-backend	ROS-0.1	docs/adr/0076-request-scoped-enrichment-cache.md
ros-ocp-backend	ROS-0.1	docs/adr/0077-notification-codes-catalog-endpoint.md
ros-ocp-backend	ROS-0.1	docs/adr/0078-nested-node-list-medium-term-cost.md
ros-ocp-backend	ROS-0.1	docs/adr/0079-gpu-node-pagination-sql-triples.md
ros-ocp-backend	ROS-0.1	docs/adr/0080-csv-export-format-param.md
ros-ocp-backend	ROS-0.1	docs/adr/0081-meta-currency-propagation.md
ros-ocp-backend	ROS-0.1	docs/adr/0082-recalculate-savings-async-202.md
ros-ocp-backend	ROS-0.1	docs/adr/0083-capabilities-endpoint-locked-settings.md
ros-ocp-backend	ROS-0.1	docs/adr/0084-three-tier-settings-precedence.md
ros-ocp-backend	ROS-0.1	docs/adr/0085-threshold-cache-ttl-60s-async-recalc.md
ros-ocp-backend	ROS-0.1	docs/adr/0086-single-flight-threshold-recalc.md
ros-ocp-backend	ROS-0.1	docs/adr/0087-namespace-memory-trend-5x-container.md
ros-ocp-backend	ROS-0.1	docs/adr/0088-kafka-s3-pipeline-both-modes.md
ros-ocp-backend	ROS-0.1	docs/adr/0089-manual-kafka-commit-after-success.md
ros-ocp-backend	ROS-0.1	docs/adr/0090-dlq-after-5-retries.md
ros-ocp-backend	ROS-0.1	docs/adr/0091-incremental-digest-flush-streaming.md
ros-ocp-backend	ROS-0.1	docs/adr/0092-ingest-statement-timeout-120s.md
ros-ocp-backend	ROS-0.1	docs/adr/0093-chunked-pgx-batches-500.md
ros-ocp-backend	ROS-0.1	docs/adr/0094-split-transactions-50k-rows.md
ros-ocp-backend	ROS-0.1	docs/adr/0095-csv-type-longest-prefix-first.md
ros-ocp-backend	ROS-0.1	docs/adr/0096-strict-analytics-mode-optional.md
ros-ocp-backend	ROS-0.1	docs/adr/0098-csv-float-to-int64-parse-time.md
ros-ocp-backend	ROS-0.1	docs/adr/0099-compile-time-in-process-plugins.md
ros-ocp-backend	ROS-0.1	docs/adr/0100-trait-interfaces-for-plugins.md
ros-ocp-backend	ROS-0.1	docs/adr/0101-ingest-hook-metric-rows-not-db-reread.md
ros-ocp-backend	ROS-0.1	docs/adr/0102-ingest-hook-failures-non-fatal.md
ros-ocp-backend	ROS-0.1	docs/adr/0103-phased-execution-produce-enrich-optimize.md
ros-ocp-backend	ROS-0.1	docs/adr/0104-kruize-mutually-exclusive-native.md
ros-ocp-backend	ROS-0.1	docs/adr/0105-container-handlers-in-core.md
ros-ocp-backend	ROS-0.1	docs/adr/0106-gpu-api-enricher-on-container.md
ros-ocp-backend	ROS-0.1	docs/adr/0107-retention-provider-per-plugin.md
ros-ocp-backend	ROS-0.1	docs/adr/0108-term-provider-per-plugin.md
ros-ocp-backend	ROS-0.1	docs/adr/0109-vm-plugin-feature-gate.md
ros-ocp-backend	ROS-0.1	docs/adr/0110-example-plugin-trait-checklist.md
ros-ocp-backend	ROS-0.1	docs/adr/0111-rates-from-koku-masu.md
ros-ocp-backend	ROS-0.1	docs/adr/0112-bounded-lru-ttl-cost-cache.md
ros-ocp-backend	ROS-0.1	docs/adr/0113-nil-cost-provider-when-masu-unavailable.md
ros-ocp-backend	ROS-0.1	docs/adr/0114-notif-no-cost-data-container-node-pvc.md
ros-ocp-backend	ROS-0.1	docs/adr/0115-gpu-mig-idle-persist-timeslicing-read-time.md
ros-ocp-backend	ROS-0.1	docs/adr/0116-snapshot-cost-fallback-chain.md
ros-ocp-backend	ROS-0.1	docs/adr/0117-savings-include-all-cost-types.md
ros-ocp-backend	ROS-0.1	docs/adr/0118-invalidate-cost-cache-on-settings-change.md
ros-ocp-backend	ROS-0.1	docs/adr/0119-tags-source-db-on-prem.md
ros-ocp-backend	ROS-0.1	docs/adr/0120-saas-http-push-tag-sync.md
ros-ocp-backend	ROS-0.1	docs/adr/0122-tags-enabled-by-default.md
ros-ocp-backend	ROS-0.1	docs/adr/0123-sa-tokenreview-allowlist-internal.md
ros-ocp-backend	ROS-0.1	docs/adr/0124-koku-reship-ros-rebuild-bh.md
ros-ocp-backend	ROS-0.1	docs/adr/0125-single-flight-trailing-reship.md
ros-ocp-backend	ROS-0.1	docs/adr/0126-forward-only-fallback-reship-failure.md
ros-ocp-backend	ROS-0.1	docs/adr/0127-dual-digest-schedule-type-column.md
ros-ocp-backend	ROS-0.1	docs/adr/0128-unify-gorm-pgxpool-stdlib.md
ros-ocp-backend	ROS-0.1	docs/adr/0129-multi-mode-cobra-binary.md
ros-ocp-backend	ROS-0.1	docs/adr/0130-shallow-readyz-default.md
ros-ocp-backend	ROS-0.1	docs/adr/0131-housekeeper-batched-pk-deletes.md
ros-ocp-backend	ROS-0.1	docs/adr/0132-retention-policies-per-table.md
ros-ocp-backend	ROS-0.1	docs/adr/0133-structured-logging-zerolog.md
ros-ocp-backend	ROS-0.1	docs/adr/0134-postgresql-16-target.md
ros-ocp-backend	ROS-0.1	docs/adr/0135-centralized-viper-config.md
ros-ocp-backend	ROS-0.1	docs/adr/0136-operational-runbooks-adversarial-review.md
ros-ocp-backend	ROS-0.1	docs/adr/0137-migration-lint-concurrently-template.md
ros-ocp-backend	ROS-0.1	docs/adr/0138-mkdocs-public-site-separate.md
ros-ocp-backend	ROS-0.1	docs/adr/0140-kruize-vs-native-comparison-tool.md
ros-ocp-backend	ROS-0.1	docs/adr/0142-csv-contract-test-operator-columns.md
ros-ocp-backend	ROS-0.1	docs/adr/0143-dry-run-sql-org-id-assertion.md
ros-ocp-backend	ROS-0.1	docs/adr/0144-colocated-domain-tests.md
ros-ocp-backend	ROS-0.1	docs/adr/0145-deny-private-networks-csv-fetch.md
ros-ocp-backend	ROS-0.1	docs/adr/0146-csv-url-allowlist-non-dev.md
ros-ocp-backend	ROS-0.1	docs/adr/0147-escape-ilike-wildcards.md
ros-ocp-backend	ROS-0.1	docs/adr/0148-redact-kafka-poison-payloads.md
ros-ocp-backend	ROS-0.1	docs/adr/0149-block-dev-token-outside-development.md
ros-ocp-backend	ROS-0.1	docs/adr/0150-validate-sa-allowlist-at-startup.md
ros-ocp-backend	ROS-0.1	docs/adr/0151-rbac-fail-closed-cache-60s.md
ros-ocp-backend	ROS-0.1	docs/adr/0152-cap-history-filter-cardinality.md
ros-ocp-backend	ROS-0.1	docs/adr/0153-kafka-category-ros-filter.md
ros-ocp-backend	ROS-0.1	docs/adr/0154-partition-scoped-worker-pool.md
ros-ocp-backend	ROS-0.1	docs/adr/0155-retry-counter-x-retry-count-header.md
ros-ocp-backend	ROS-0.1	docs/adr/0156-sources-destroy-events-cleanup.md
ros-ocp-backend	ROS-0.1	docs/adr/0157-ros-enabled-plugins-replaces-native-flag.md
ros-ocp-backend	ROS-0.1	docs/adr/0158-enabled-or-disabled-plugins-env.md
ros-ocp-backend	ROS-0.1	docs/adr/0159-per-plugin-term-env-vars.md
ros-ocp-backend	ROS-0.1	docs/adr/0160-savings-estimates-kill-switch.md
ros-ocp-backend	ROS-0.1	docs/adr/0161-staleness-threshold-hours-alias.md
ros-ocp-backend	ROS-0.1	docs/adr/0162-housekeeper-graceful-shutdown.md
ros-ocp-backend	ROS-0.1	docs/adr/0163-deprecate-kruize-plugin.md
ros-ocp-backend	ROS-0.1	docs/adr/0164-sparse-data-notification-orthogonal-to-low-confidence.md
ros-ocp-backend	ROS-0.1	docs/adr/0165-defer-recommendations-for-synthesized-manifests.md
ros-ocp-backend	ROS-0.1	docs/adr/0166-report-file-status-manifest-gating.md
ros-ocp-backend	ROS-0.1	docs/adr/0167-cost-management-entitlement-middleware.md
ros-ocp-backend	ROS-0.1	docs/adr/0168-disabled-plugin-route-guards.md
ros-ocp-backend	ROS-0.1	docs/adr/0169-allowlisted-native-sql-query-fragments.md
ros-ocp-backend	ROS-0.1	docs/adr/0170-machineset-tier1-aggregation.md
ros-ocp-backend	ROS-0.1	docs/adr/0171-streaming-recommendation-batches.md
ros-ocp-backend	ROS-0.1	docs/adr/0172-dual-path-idle-classification.md
ros-ocp-backend	ROS-0.1	docs/adr/0173-tenant-configurable-idle-detection.md
ros-ocp-backend	ROS-0.1	docs/adr/0174-fleet-summary-idle-via-notification-codes.md
ros-ocp-backend	ROS-0.1	docs/adr/0175-idle-api-surfaces-waste-not-savings.md
ros-ocp-backend	ROS-0.1	docs/adr/0176-namespace-idle-aggregation-rules.md
ros-ocp-backend	ROS-0.1	docs/adr/0177-node-idle-separate-from-container.md
ros-ocp-backend	ROS-0.1	docs/adr/0178-container-confidence-data-days-over-window.md
ros-ocp-backend	ROS-0.1	docs/adr/0179-recommendation-quality-stability-formula.md
ros-ocp-backend	ROS-0.1	docs/adr/0180-analytics-write-ordering-strict-mode.md
ros-ocp-backend	ROS-0.1	docs/adr/0181-adoption-detection-all-term-engine-rows.md
ros-ocp-backend	ROS-0.1	docs/adr/0182-monthly-savings-730-hours.md
ros-ocp-backend	ROS-0.1	docs/adr/0183-separate-estimated-waste-cents.md
ros-ocp-backend	ROS-0.1	docs/adr/0184-fleet-vs-savings-summary-endpoint-split.md
ros-ocp-backend	ROS-0.1	docs/adr/0185-fleet-savings-lru-cache-rbac-keys.md
ros-ocp-backend	ROS-0.1	docs/adr/0186-per-cluster-threshold-hash-skip.md
ros-ocp-backend	ROS-0.1	docs/adr/0187-savings-only-recalc-vs-full-threshold-recalc.md
ros-ocp-backend	ROS-0.1	docs/adr/0188-list-query-keys-pagination-refilter-detail.md
ros-ocp-backend	ROS-0.1	docs/adr/0189-precomputed-org-recommendation-stats.md
ros-ocp-backend	ROS-0.1	docs/adr/0190-keyset-cursor-tie-breaker-tuples-per-resource-type.md
ros-ocp-backend	ROS-0.1	docs/adr/0191-filter-modes-include-exact-exclude.md
ros-ocp-backend	ROS-0.1	docs/adr/0192-echo-route-registration-order-middleware-layering.md
ros-ocp-backend	ROS-0.1	docs/adr/0193-no-public-api-rate-limiting-body-limits-internal-sync.md
ros-ocp-backend	ROS-0.1	docs/adr/0194-node-consolidation-precedence-pod-scheduling-gate.md
ros-ocp-backend	ROS-0.1	docs/adr/0195-pg-advisory-xact-lock-node-recommendation-writes.md
ros-ocp-backend	ROS-0.1	docs/adr/0196-mig-profile-selection-full-gpu-escape-hatch.md
ros-ocp-backend	ROS-0.1	docs/adr/0197-vm-sub-features-guest-agent-power-schedule-storage-tiering.md
ros-ocp-backend	ROS-0.1	docs/adr/0198-gpu-time-slicing-notification-code-36-savings-formula.md
ros-ocp-backend	ROS-0.1	docs/adr/0199-synthesized-manifest-id-namespace-uuid-scope-key.md
ros-ocp-backend	ROS-0.1	docs/adr/0200-kafka-consumer-session-tuning-slow-csv-processing.md
ros-ocp-backend	ROS-0.1	docs/adr/0201-cluster-ingest-hooks-failed-degradation-flag.md
ros-ocp-backend	ROS-0.1	docs/adr/0202-ros-partitioned-parent-registry-extensible-retention-ddl.md
ros-ocp-backend	ROS-0.1	docs/adr/0203-retention-side-effects-beyond-partition-drop.md
ros-ocp-backend	ROS-0.1	docs/adr/0204-continuous-hour-decay-vs-calendar-day-windows.md
ros-ocp-backend	ROS-0.1	docs/adr/0205-rbac-filter-intersection-semantics.md
ros-ocp-backend	ROS-0.1	docs/adr/0206-explain-audit-query-harness-list-performance.md
ros-ocp-backend	ROS-0.1	docs/adr/0207-stdlib-json-encoding-api-responses.md
ros-ocp-backend	ROS-0.1	docs/adr/0208-settings-scope-org-wide-only-except-business-hours.md
ros-ocp-backend	ROS-0.1	docs/adr/0209-dual-idle-threshold-surfaces-container-vs-idle-detection.md
ros-ocp-backend	ROS-0.1	docs/adr/0210-per-feature-opt-out-under-global-ros-settings-locked.md
ros-ocp-backend	ROS-0.1	docs/adr/0211-parallel-settings-domains-domain-specific-storage-shapes.md
ros-ocp-backend	ROS-0.1	docs/adr/0212-threshold-validation-allowlist-cross-field-rules.md
ros-ocp-backend	ROS-0.1	docs/adr/0213-init-threshold-defaults-env-into-package-defaults-at-startup.md
ros-ocp-backend	ROS-0.1	docs/adr/0214-idle-settings-put-fans-out-async-recalc-five-types.md
ros-ocp-backend	ROS-0.1	docs/adr/0215-delete-settings-restores-compiled-defaults.md
ros-ocp-backend	ROS-0.1	docs/adr/0216-business-hours-pending-marker-stub-rows.md
ros-ocp-backend	ROS-0.1	docs/adr/0217-disabled-cluster-override-blocks-org-bh-inheritance.md
ros-ocp-backend	ROS-0.1	docs/adr/0218-org-level-reship-single-flight-trailing-batch-coalescing.md
ros-ocp-backend	ROS-0.1	docs/adr/0219-reship-background-poller-retries-pending-clusters.md
ros-ocp-backend	ROS-0.1	docs/adr/0220-bh-put-triggers-reship-threshold-put-triggers-recalc.md
ros-ocp-backend	ROS-0.1	docs/adr/0221-notifications-recomputed-each-produce-run-not-dismissable.md
ros-ocp-backend	ROS-0.1	docs/adr/0222-notification-dual-source-db-seed-and-go-definitions.md
ros-ocp-backend	ROS-0.1	docs/adr/0223-plugin-filtered-notification-catalog-subsets.md
ros-ocp-backend	ROS-0.1	docs/adr/0224-stale-marking-precedence-last-reported-at-overrides-digest-age.md
ros-ocp-backend	ROS-0.1	docs/adr/0225-filter-stale-tri-state-semantics.md
ros-ocp-backend	ROS-0.1	docs/adr/0226-tag-sync-full-replace-per-org.md
ros-ocp-backend	ROS-0.1	docs/adr/0227-ros-tags-enabled-master-gate-silently-disables-tag-filters.md
ros-ocp-backend	ROS-0.1	docs/adr/0228-effective-rates-cache-key-org-cluster-only.md
ros-ocp-backend	ROS-0.1	docs/adr/0229-container-savings-effective-rates-from-namespace-aggregates.md
ros-ocp-backend	ROS-0.1	docs/adr/0230-snapshot-inventory-append-only-freshness-window.md
ros-ocp-backend	ROS-0.1	docs/adr/0231-snapshot-cost-static-rate-per-gib-month.md
ros-ocp-backend	ROS-0.1	docs/adr/0232-managed-backup-detection-label-prefix-map.md
ros-ocp-backend	ROS-0.1	docs/adr/0233-cluster-upsert-on-every-kafka-payload.md
ros-ocp-backend	ROS-0.1	docs/adr/0234-no-soft-delete-cluster-state.md
ros-ocp-backend	ROS-0.1	docs/adr/0235-two-layer-reship-concurrency.md
ros-ocp-backend	ROS-0.1	docs/adr/0236-large-table-index-strategy-concurrently-pre-step.md
ros-ocp-backend	ROS-0.1	docs/adr/0237-runtime-partition-pre-creation-current-next-month.md
ros-ocp-backend	ROS-0.1	docs/adr/0238-environment-variable-catalog-by-subsystem.md
ros-ocp-backend	ROS-0.1	docs/adr/0239-feature-toggles-vs-plugin-toggles.md
ros-ocp-backend	ROS-0.1	docs/adr/0240-connection-pool-timeout-tuning-surface.md
ros-ocp-backend	ROS-0.1	docs/adr/0241-deprecated-alias-env-vars-backward-compat.md
ros-ocp-backend	ROS-0.1	docs/adr/0242-rosocp-prometheus-metric-naming-convention.md
ros-ocp-backend	ROS-0.1	docs/adr/0243-high-cardinality-analytics-incomplete-labels.md
ros-ocp-backend	ROS-0.1	docs/adr/0244-request-correlation-echo-request-id.md
ros-ocp-backend	ROS-0.1	docs/adr/0245-plugin-init-registration-order-undefined.md
ros-ocp-backend	ROS-0.1	docs/adr/0246-boot-fatal-csv-type-collision.md
ros-ocp-backend	ROS-0.1	docs/adr/0247-apiproviders-bypass-kruize-exclusivity.md
ros-ocp-backend	ROS-0.1	docs/adr/0248-v1-only-api-no-v2-migration-policy.md
ros-ocp-backend	ROS-0.1	docs/adr/0249-advisory-openapi-changelog-ci-non-blocking.md
ros-ocp-backend	ROS-0.1	docs/adr/0250-pagination-meta-contract.md
ros-ocp-backend	ROS-0.1	docs/adr/0251-quota-max-used-container-rec-sum.md
ros-ocp-backend	ROS-0.1	docs/adr/0252-storage-pods-object-count-quotas-used-only.md
ros-ocp-backend	ROS-0.1	docs/adr/0253-pvc-four-way-classification-healthy-orphaned.md
ros-ocp-backend	ROS-0.1	docs/adr/0254-pvc-growth-projection-decay-weighted-slope.md
ros-ocp-backend	ROS-0.1	docs/adr/0255-org-container-keys-refresh-deletes-stale.md
ros-ocp-backend	ROS-0.1	docs/adr/0256-dual-tag-filter-syntax-legacy-koku.md
ros-ocp-backend	ROS-0.1	docs/adr/0257-stale-tag-sync-warning-on-list-responses.md
ros-ocp-backend	ROS-0.1	docs/adr/0258-recommendation-profiles-seeded-unused-percentiles-in-settings.md
ros-ocp-backend	ROS-0.1	docs/adr/0259-synchronous-ingest-time-engine-replaces-kruize-experiment-lifecycle.md
ros-ocp-backend	ROS-0.1	docs/adr/0260-per-container-recommendation-granularity-operator-csv-grain.md
ros-ocp-backend	ROS-0.1	docs/adr/0261-three-terms-short-medium-long-kruize-aligned-defaults.md
ros-ocp-backend	ROS-0.1	docs/adr/0262-shadow-mode-native-engine-explicitly-rejected.md
ros-ocp-backend	ROS-0.1	docs/adr/0263-stop-writing-workload-metrics-in-native-mode.md
ros-ocp-backend	ROS-0.1	docs/adr/0264-kruize-era-legacy-table-background-deletion.md
ros-ocp-backend	ROS-0.1	docs/adr/0265-operator-csv-column-contract-optional-columns-partial-upgrade.md
ros-ocp-backend	ROS-0.1	docs/adr/0266-go-language-choice-inherited-kafka-integration-service.md
ros-ocp-backend	ROS-0.1	docs/adr/0267-echo-framework-inherited-pre-existing-service.md
ros-ocp-backend	ROS-0.1	docs/adr/0269-testcontainers-over-docker-compose-test-isolation.md
ros-ocp-backend	ROS-0.1	docs/adr/0270-on-demand-api-time-recommendations-deferred.md
ros-ocp-backend	ROS-0.1	docs/adr/0271-recommendation-history-boxplots-deferred-phase4-to-phase5.md
ros-ocp-backend	ROS-0.1	docs/adr/0272-detail-response-typed-struct-replaces-adhoc-json-maps.md
ros-ocp-backend	ROS-0.1	docs/adr/0273-subquery-pagination-replacing-row-multiplier.md
ros-ocp-backend	ROS-0.1	docs/adr/0274-remove-rh-accounts-join-direct-org-id-filtering.md
ros-ocp-backend	ROS-0.1	docs/adr/0275-quality-metrics-container-only-internal-not-primary-ui.md
ros-ocp-backend	ROS-0.1	docs/adr/0276-hpa-vpa-recommendations-deferred-advisory-only.md
ros-ocp-backend	ROS-0.1	docs/adr/0277-local-hybrid-on-cluster-engine-deferred-central-only-v1.md
ros-ocp-backend	ROS-0.1	docs/adr/0278-machineset-tier2-engine-deferred-scope-criteria.md
ros-ocp-backend	ROS-0.1	docs/adr/0279-namespace-recommendations-unleash-killswitch-then-default-on.md
ros-ocp-backend	ROS-0.1	docs/adr/0280-fixed-point-savings-migration-float-to-integer-cents.md
ros-ocp-backend	ROS-0.1	docs/adr/0281-jsonb-vs-normalized-columns-when-each-appropriate.md
ros-ocp-backend	ROS-0.1	docs/adr/0282-cgo-confluent-kafka-go-test-isolation-strategy.md
ros-ocp-backend	ROS-0.1	docs/adr/0283-synchronous-rest-api-no-websocket-sse-recommendation-updates.md
ros-ocp-backend	ROS-0.1	docs/adr/0285-phase-branch-merge-order-migration-renumbering.md
ros-ocp-backend	ROS-0.1	docs/adr/0287-operator-14-day-prometheus-lookback-integration-boundary.md
ros-ocp-backend	ROS-0.1	docs/adr/0288-decay-weight-lookup-tables.md
ros-ocp-backend	ROS-0.1	docs/adr/0289-defer-org-metadata-refresh-end-of-reconcile.md
ros-ocp-backend	ROS-0.1	docs/adr/0290-max-daily-p95-for-idle-classification.md
ros-ocp-backend	ROS-0.1	docs/adr/0291-integer-micro-cents-savings-computation.md
ros-ocp-backend	ROS-0.1	docs/adr/0292-digest-based-plot-percentile-bands.md
ros-ocp-backend	ROS-0.1	docs/adr/0293-engine-only-notification-deduplication.md
ros-ocp-backend	ROS-0.1	docs/adr/0294-slim-list-contract.md
ros-ocp-backend	ROS-0.1	docs/adr/0295-integer-first-architecture.md
ros-ocp-backend	ROS-0.1	docs/adr/0296-recommendation-explanation-factors-typed-columns.md
ros-ocp-backend	ROS-0.1	docs/adr/0297-gpu-time-slicing-recommendation-persistence.md
ros-ocp-backend	ROS-0.1	docs/adr/0298-composite-key-sweep-stale-detection.md
ros-ocp-backend	ROS-0.1	docs/adr/0299-adopt-pgxpool-for-high-throughput-ingest.md
ros-ocp-backend	ROS-0.1	docs/adr/0300-remove-fixed-workload-type-allowlist.md
ros-ocp-backend	ROS-0.1	docs/adr/0301-visual-insights-dashboard.md
ros-ocp-backend	ROS-0.1	docs/adr/0302-oom-timeline-endpoint.md
ros-ocp-backend	ROS-0.1	docs/adr/0303-library-extraction-librobne.md
ros-ocp-backend	ROS-0.1	docs/adr/0304-utilization-gauge-metric-and-thresholds.md
ros-ocp-backend	ROS-0.1	docs/adr/0305-robne-cli-standalone-binary.md
ros-ocp-backend	ROS-0.1	docs/adr/0306-stale-filter-org-container-keys-column.md
ros-ocp-backend	ROS-0.1	docs/adr/0307-recommendation-categories.md
ros-ocp-backend	ROS-0.1	docs/adr/0308-auto-lower-heavy-api-timeout-saas.md
ros-ocp-backend	ROS-0.1	docs/adr/0309-replica-count-optimization-phase1.md
ros-ocp-backend	ROS-0.1	docs/adr/0310-quality-metrics-generalization-separate-tables-per-entity.md
ros-ocp-backend	ROS-0.1	docs/adr/0311-reject-pool-gzip-writer-echo-middleware.md
ros-ocp-backend	ROS-0.1	docs/adr/0312-reject-streaming-json-list-responses.md
ros-ocp-backend	ROS-0.1	docs/adr/0313-reject-factor-out-rh-accounts-subquery.md
ros-ocp-backend	ROS-0.1	docs/adr/0314-reject-eliminate-get-clusters-for-org-query.md
ros-ocp-backend	ROS-0.1	docs/adr/0315-reject-push-full-rbac-filter-into-sql.md
ros-ocp-backend	ROS-0.1	docs/adr/0316-defer-rate-limiter-mutex-sharding.md
ros-ocp-backend	ROS-0.1	docs/adr/0317-reject-prometheus-gauge-rate-limiter-map.md
ros-ocp-backend	ROS-0.1	docs/adr/0318-horizontal-scaling-kafka-consumer-groups.md
ros-ocp-backend	ROS-0.1	docs/adr/0319-postgresql-only-validated-100k.md
ros-ocp-backend	ROS-0.1	docs/adr/0320-db-pool-arithmetic-primary-scaling-constraint.md
ros-ocp-backend	ROS-0.1	docs/adr/0321-raise-default-dbmaxconns-5-to-10.md
ros-ocp-backend	ROS-0.8	docs/adr/0322-temporary-dual-write-kruize-robne-saas-migration.md
ros-ocp-backend	ROS-0.1	docs/adr/0323-unified-category-across-all-resource-types.md
ros-ocp-backend	ROS-0.1	docs/adr/0324-vm-pvc-companion-csv-for-shared-storage-detection.md
ros-ocp-backend	ROS-0.7	docs/adr/0325-stdlib-csv-streaming-over-dataframe-library.md
ros-ocp-backend	ROS-0.1	docs/adr/0326-calendar-accurate-monthly-hours.md
ros-ocp-backend	ROS-0.10	docs/adr/0327-api-time-currency-conversion-over-storage.md
ros-ocp-backend	ROS-0.1	docs/adr/README.md
ros-ocp-backend	ROS-0.1	docs/architecture/api-versioning.md
ros-ocp-backend	ROS-0.1	docs/architecture/configurability.md
ros-ocp-backend	ROS-0.1	docs/architecture/cost-integration.md
ros-ocp-backend	ROS-0.1	docs/architecture/database-conventions.md
ros-ocp-backend	ROS-0.1	docs/architecture/decay-weights.md
ros-ocp-backend	ROS-0.1	docs/architecture/gpu-catalogs.md
ros-ocp-backend	ROS-0.1	docs/architecture/gpu-classification.md
ros-ocp-backend	ROS-0.1	docs/architecture/hpa-vpa-deployment-modes.md
ros-ocp-backend	ROS-0.1	docs/architecture/kafka-schema.md
ros-ocp-backend	ROS-0.1	docs/architecture/native-migration.md
ros-ocp-backend	ROS-0.1	docs/architecture/notification-codes.md
ros-ocp-backend	ROS-0.1	docs/architecture/plugin-architecture.md
ros-ocp-backend	ROS-0.1	docs/architecture/plugin-phases.md
ros-ocp-backend	ROS-0.1	docs/architecture/recommendation-engines.md
ros-ocp-backend	ROS-0.1	docs/architecture/recommendation-ids.md
ros-ocp-backend	ROS-0.1	docs/architecture/recommendation-math.md
ros-ocp-backend	SKIP	docs/archive/490-issues.md
ros-ocp-backend	SKIP	docs/archive/gpu-recommendations-test-plan.md
ros-ocp-backend	SKIP	docs/archive/gpu-recommendations.md
ros-ocp-backend	SKIP	docs/archive/gpu-timeslicing-tdd-plan.md
ros-ocp-backend	SKIP	docs/archive/koku-tdigest-idea.md
ros-ocp-backend	SKIP	docs/archive/namespace-boxplots-performance-analysis.md
ros-ocp-backend	SKIP	docs/archive/native-engine-notification-gap.md
ros-ocp-backend	SKIP	docs/archive/performance-analysis.md
ros-ocp-backend	SKIP	docs/archive/phase-0-critical-fixes.md
ros-ocp-backend	SKIP	docs/archive/phase-1-2-3-go-engine.md
ros-ocp-backend	SKIP	docs/archive/phase-4-oom-feedback.md
ros-ocp-backend	SKIP	docs/archive/phase-4-pr-checklist.md
ros-ocp-backend	SKIP	docs/archive/phase-5-history-and-boxplots.md
ros-ocp-backend	SKIP	docs/archive/phase5-implementation-notes.md
ros-ocp-backend	SKIP	docs/archive/phase6-namespace-boxplots-implementation.md
ros-ocp-backend	SKIP	docs/archive/replica-count-and-cost-impact.md
ros-ocp-backend	SKIP	docs/archive/requirements.md
ros-ocp-backend	SKIP	docs/archive/test-plan-business-hours.md
ros-ocp-backend	SKIP	docs/archive/test-plan.md
ros-ocp-backend	SKIP	docs/audit/adversarial-review-phase13-2026-06-14.md
ros-ocp-backend	SKIP	docs/audit/adversarial-review-phase13-v2-2026-06-15.md
ros-ocp-backend	SKIP	docs/audit/adversarial-review-phase13-v3-2026-06-15.md
ros-ocp-backend	SKIP	docs/audit/adversarial-review-phase13-v4-2026-06-15.md
ros-ocp-backend	SKIP	docs/audit/adversarial-review-phase13-v5-2026-06-15.md
ros-ocp-backend	SKIP	docs/audit/adversarial-review-v10-2026-07-12.md
ros-ocp-backend	SKIP	docs/audit/adversarial-review-v11-2026-07-20.md
ros-ocp-backend	SKIP	docs/audit/adversarial-review-v6-2026-07-04.md
ros-ocp-backend	SKIP	docs/audit/adversarial-review-v8-2026-07-07.md
ros-ocp-backend	SKIP	docs/audit/adversarial-review-v9-2026-07-08.md
ros-ocp-backend	SKIP	docs/audits/adversarial-review.md
ros-ocp-backend	SKIP	docs/audits/auth-rbac-honesty-exercise.md
ros-ocp-backend	SKIP	docs/audits/business-hours-honesty-exercise.md
ros-ocp-backend	SKIP	docs/audits/cluster-quota-recommendations-honesty-exercise.md
ros-ocp-backend	SKIP	docs/audits/container-recommendations-gap-analysis.md
ros-ocp-backend	SKIP	docs/audits/container-recommendations-honesty-exercise-v2.md
ros-ocp-backend	SKIP	docs/audits/cost-integration-honesty-exercise.md
ros-ocp-backend	SKIP	docs/audits/fleet-savings-honesty-exercise.md
ros-ocp-backend	SKIP	docs/audits/gpu-recommendations-honesty-exercise.md
ros-ocp-backend	SKIP	docs/audits/idle-zombie-detection-honesty-exercise.md
ros-ocp-backend	SKIP	docs/audits/namespace-recommendations-honesty-exercise.md
ros-ocp-backend	SKIP	docs/audits/node-recommendations-honesty-exercise.md
ros-ocp-backend	SKIP	docs/audits/operator-ingestion-pipeline-honesty-exercise.md
ros-ocp-backend	SKIP	docs/audits/performance-scalability-analysis.md
ros-ocp-backend	SKIP	docs/audits/pvc-recommendations-honesty-exercise.md
ros-ocp-backend	SKIP	docs/audits/quota-recommendations-honesty-exercise.md
ros-ocp-backend	SKIP	docs/audits/snapshot-recommendations-honesty-exercise.md
ros-ocp-backend	SKIP	docs/audits/tag-sync-honesty-exercise.md
ros-ocp-backend	SKIP	docs/audits/vm-recommendations-honesty-exercise.md
ros-ocp-backend	ROS-0.10	docs/bruno/README.md
ros-ocp-backend	ROS-8.1	docs/business-hours-admin-guide.md
ros-ocp-backend	ROS-0.6	docs/database/db-schema
ros-ocp-backend	ROS-0.2	docs/design/java-recommendations.md
ros-ocp-backend	ROS-7.1	docs/design/network-recommendations.md
ros-ocp-backend	ROS-11.1	docs/design/quality-metrics.md
ros-ocp-backend	SKIP	docs/design/seasonality-plugin.md
ros-ocp-backend	ROS-7.1	docs/design/vm-recommendations.md
ros-ocp-backend	ROS-7.1	docs/design/vm-test-plan.md
ros-ocp-backend	ROS-8.1	docs/features-business-hours.md
ros-ocp-backend	ROS-5.1	docs/features-f-snapshot-staleness.md
ros-ocp-backend	ROS-0.4	docs/features-f26-f33-f54-f55.md
ros-ocp-backend	ROS-5.1	docs/features-f27-pvc-rightsizing.md
ros-ocp-backend	ROS-4.1	docs/features/cluster-resource-quota.md
ros-ocp-backend	ROS-1.3	docs/features/container-recommendations.md
ros-ocp-backend	ROS-6.1	docs/features/gpu-mig.md
ros-ocp-backend	ROS-6.1	docs/features/gpu-time-slicing.md
ros-ocp-backend	ROS-11.1	docs/features/history-and-quality.md
ros-ocp-backend	ROS-1.3	docs/features/idle-detection.md
ros-ocp-backend	ROS-1.3	docs/features/local-mode.md
ros-ocp-backend	ROS-10.1	docs/features/machineset-recommendations.md
ros-ocp-backend	ROS-2.1	docs/features/namespace-recommendations.md
ros-ocp-backend	ROS-3.1	docs/features/node-recommendations.md
ros-ocp-backend	ROS-4.1	docs/features/quota-recommendations.md
ros-ocp-backend	ROS-11.1	docs/features/savings-estimations.md
ros-ocp-backend	ROS-1.3	docs/features/tag-filtering.md
ros-ocp-backend	ROS-0.5	docs/fedramp/README.md
ros-ocp-backend	ROS-0.5	docs/fedramp/fedramp-audit-v1.md
ros-ocp-backend	ROS-0.5	docs/fedramp/oscal/component-definition.json
ros-ocp-backend	ROS-0.5	docs/fedramp/oscal/plan-of-action-and-milestones.json
ros-ocp-backend	ROS-0.5	docs/fedramp/risk-assessment.md
ros-ocp-backend	ROS-0.5	docs/fedramp/security-categorization.md
ros-ocp-backend	ROS-0.5	docs/fedramp/stig-baseline-mapping.md
ros-ocp-backend	ROS-0.5	docs/fedramp/system-boundary.md
ros-ocp-backend	SKIP	docs/issues/issue-3-oom-timeline-update.md
ros-ocp-backend	SKIP	docs/issues/issue-librobne-extraction.md
ros-ocp-backend	ROS-1.3	docs/known-issues.md
ros-ocp-backend	SKIP	docs/kruize-vs-native-comparison.md
ros-ocp-backend	SKIP	docs/mockups/mockup-namespace-subtabs-quota-selected.png
ros-ocp-backend	SKIP	docs/mockups/mockup-namespace-tab-with-quota.png
ros-ocp-backend	SKIP	docs/mockups/mockup-option-a-cluster-tab-absorbs-quota.png
ros-ocp-backend	SKIP	docs/mockups/mockup-option-b-cluster-tab-quota-separate.png
ros-ocp-backend	SKIP	docs/mockups/mockup-option-c-efficiency-tab-nested-grouping.png
ros-ocp-backend	SKIP	docs/native-engine-performance.md
ros-ocp-backend	ROS-0.10	docs/openapi/idle-detection.yaml
ros-ocp-backend	ROS-0.5	docs/operations/api-query-parameters.md
ros-ocp-backend	ROS-0.5	docs/operations/configuration.md
ros-ocp-backend	ROS-0.5	docs/operations/gpu-catalog.md
ros-ocp-backend	ROS-0.5	docs/operations/large-table-migrations.md
ros-ocp-backend	ROS-0.5	docs/operations/monitoring.md
ros-ocp-backend	ROS-0.5	docs/operations/performance-tuning.md
ros-ocp-backend	ROS-0.5	docs/operations/query-performance.md
ros-ocp-backend	ROS-0.5	docs/operations/rbac.md
ros-ocp-backend	ROS-0.5	docs/operations/retention.md
ros-ocp-backend	ROS-0.5	docs/operations/runbooks.md
ros-ocp-backend	ROS-0.5	docs/operations/security-enforcement.md
ros-ocp-backend	ROS-0.5	docs/operations/stale-detection.md
ros-ocp-backend	ROS-0.5	docs/operations/tag-sync-auth.md
ros-ocp-backend	ROS-0.5	docs/operations/tag-sync.md
ros-ocp-backend	ROS-0.5	docs/operations/test-data-generation.md
ros-ocp-backend	SKIP	docs/performance/charts/decay-weights-30d-hl10d.png
ros-ocp-backend	SKIP	docs/performance/charts/decay-weights-30d-hl15d.png
ros-ocp-backend	SKIP	docs/performance/charts/decay-weights-30d-hl20d.png
ros-ocp-backend	SKIP	docs/performance/native-engine-audit-2026-06.md
ros-ocp-backend	SKIP	docs/performance/native-engine-audit-v2-2026-06.md
ros-ocp-backend	SKIP	docs/performance/native-engine-audit-v3-2026-07.md
ros-ocp-backend	SKIP	docs/performance/native-engine-audit-v4-2026-07.md
ros-ocp-backend	SKIP	docs/performance/percentile-band-chart-comparison.png
ros-ocp-backend	SKIP	docs/performance/profiles/.gitignore
ros-ocp-backend	SKIP	docs/performance/profiling-2026-07-05.md
ros-ocp-backend	SKIP	docs/performance/ros-ocp-backend-audit-2026-07.md
ros-ocp-backend	SKIP	docs/plans/dual-write-plan.md
ros-ocp-backend	SKIP	docs/plans/gpu-time-slicing-persistence.md
ros-ocp-backend	SKIP	docs/plans/optimizations-tabs-ui-plan.md
ros-ocp-backend	SKIP	docs/plans/recommendation-explanations.md
ros-ocp-backend	SKIP	docs/plans/robne-upstreaming-plan.md
ros-ocp-backend	ROS-0.1	docs/testing/iqe-cluster-quota-coverage.md
ros-ocp-backend	ROS-0.1	docs/testing/iqe-requirements-registration.md
ros-ocp-backend	ROS-0.1	docs/testing/validating-native-engine.md
ros-ocp-backend	ROS-1.3	docs/ui-integration-guide.md
ros-ocp-backend	ROS-1.3	docs/upgrade-runbook.md
ros-ocp-backend	ROS-0.1	go.mod
ros-ocp-backend	ROS-0.10	internal/api/api_test.go
ros-ocp-backend	ROS-0.10	internal/api/common.go
ros-ocp-backend	ROS-0.10	internal/api/contract_test.go
ros-ocp-backend	ROS-0.10	internal/api/csv_helpers.go
ros-ocp-backend	ROS-0.10	internal/api/csv_sanitize.go
ros-ocp-backend	ROS-0.10	internal/api/csv_sanitize_test.go
ros-ocp-backend	ROS-0.10	internal/api/csv_stream.go
ros-ocp-backend	ROS-0.10	internal/api/currency.go
ros-ocp-backend	ROS-0.10	internal/api/cursor.go
ros-ocp-backend	ROS-0.10	internal/api/cursor_test.go
ros-ocp-backend	ROS-0.1	internal/api/disabled_plugin_route_guards_test.go
ros-ocp-backend	ROS-0.10	internal/api/engine_filter.go
ros-ocp-backend	ROS-0.10	internal/api/engine_filter_test.go
ros-ocp-backend	ROS-6.1	internal/api/enrichment_cache.go
ros-ocp-backend	ROS-6.1	internal/api/enrichment_dispatch.go
ros-ocp-backend	ROS-6.1	internal/api/enrichment_dispatch_test.go
ros-ocp-backend	ROS-6.1	internal/api/gpu_enrichment.go
ros-ocp-backend	ROS-6.1	internal/api/gpu_enrichment_integration_test.go
ros-ocp-backend	ROS-6.1	internal/api/gpu_enrichment_test.go
ros-ocp-backend	ROS-1.3	internal/api/handlers.go
ros-ocp-backend	ROS-1.3	internal/api/handlers_business_hours_integration_test.go
ros-ocp-backend	ROS-1.3	internal/api/handlers_business_hours_perf_test.go
ros-ocp-backend	ROS-1.3	internal/api/handlers_business_hours_settings.go
ros-ocp-backend	ROS-1.3	internal/api/handlers_business_hours_settings_test.go
ros-ocp-backend	ROS-0.10	internal/api/handlers_capabilities.go
ros-ocp-backend	ROS-0.10	internal/api/handlers_capabilities_test.go
ros-ocp-backend	ROS-4.1	internal/api/handlers_cluster_quota_pagination.go
ros-ocp-backend	ROS-4.1	internal/api/handlers_cluster_quota_recs.go
ros-ocp-backend	ROS-4.1	internal/api/handlers_cluster_quota_recs_test.go
ros-ocp-backend	ROS-4.1	internal/api/handlers_cluster_quota_settings.go
ros-ocp-backend	ROS-4.1	internal/api/handlers_cluster_quota_settings_test.go
ros-ocp-backend	ROS-1.3	internal/api/handlers_fleet.go
ros-ocp-backend	ROS-1.3	internal/api/handlers_fleet_heatmap.go
ros-ocp-backend	ROS-1.3	internal/api/handlers_fleet_heatmap_integration_test.go
ros-ocp-backend	ROS-1.3	internal/api/handlers_fleet_heatmap_test.go
ros-ocp-backend	ROS-1.3	internal/api/handlers_fleet_integration_test.go
ros-ocp-backend	ROS-6.1	internal/api/handlers_gpu_mig.go
ros-ocp-backend	ROS-6.1	internal/api/handlers_gpu_mig_group.go
ros-ocp-backend	ROS-6.1	internal/api/handlers_gpu_mig_integration_test.go
ros-ocp-backend	ROS-6.1	internal/api/handlers_gpu_mig_quality.go
ros-ocp-backend	ROS-6.1	internal/api/handlers_gpu_mig_test.go
ros-ocp-backend	ROS-6.1	internal/api/handlers_gpu_summary.go
ros-ocp-backend	ROS-6.1	internal/api/handlers_gpu_summary_integration_test.go
ros-ocp-backend	ROS-6.1	internal/api/handlers_gpu_summary_test.go
ros-ocp-backend	ROS-6.1	internal/api/handlers_gpu_timeslicing_backfill.go
ros-ocp-backend	ROS-6.1	internal/api/handlers_gpu_timeslicing_backfill_test.go
ros-ocp-backend	ROS-6.1	internal/api/handlers_gpu_timeslicing_history.go
ros-ocp-backend	ROS-6.1	internal/api/handlers_gpu_timeslicing_history_test.go
ros-ocp-backend	ROS-0.10	internal/api/handlers_groupby_test.go
ros-ocp-backend	ROS-0.10	internal/api/handlers_healthz_test.go
ros-ocp-backend	ROS-1.3	internal/api/handlers_history.go
ros-ocp-backend	ROS-1.3	internal/api/handlers_history_filter_test.go
ros-ocp-backend	ROS-1.3	internal/api/handlers_history_integration_test.go
ros-ocp-backend	ROS-1.3	internal/api/handlers_idle_detection_settings.go
ros-ocp-backend	ROS-1.3	internal/api/handlers_idle_detection_settings_test.go
ros-ocp-backend	ROS-1.3	internal/api/handlers_integration_test.go
ros-ocp-backend	ROS-0.10	internal/api/handlers_list_csv.go
ros-ocp-backend	ROS-0.10	internal/api/handlers_list_keyset.go
ros-ocp-backend	ROS-10.1	internal/api/handlers_machineset_pagination.go
ros-ocp-backend	ROS-10.1	internal/api/handlers_machinesets.go
ros-ocp-backend	ROS-10.1	internal/api/handlers_machinesets_integration_test.go
ros-ocp-backend	ROS-10.1	internal/api/handlers_machinesets_test.go
ros-ocp-backend	ROS-2.1	internal/api/handlers_namespace_history.go
ros-ocp-backend	ROS-2.1	internal/api/handlers_namespace_history_test.go
ros-ocp-backend	ROS-2.1	internal/api/handlers_namespace_stale_integration_test.go
ros-ocp-backend	ROS-3.1	internal/api/handlers_node_detail.go
ros-ocp-backend	ROS-3.1	internal/api/handlers_node_detail_test.go
ros-ocp-backend	ROS-3.1	internal/api/handlers_node_hourly.go
ros-ocp-backend	ROS-3.1	internal/api/handlers_node_hourly_test.go
ros-ocp-backend	ROS-3.1	internal/api/handlers_node_recs.go
ros-ocp-backend	ROS-3.1	internal/api/handlers_node_recs_group.go
ros-ocp-backend	ROS-3.1	internal/api/handlers_node_recs_integration_test.go
ros-ocp-backend	ROS-3.1	internal/api/handlers_node_recs_persist.go
ros-ocp-backend	ROS-3.1	internal/api/handlers_node_recs_test.go
ros-ocp-backend	ROS-3.1	internal/api/handlers_node_util_pagination.go
ros-ocp-backend	ROS-3.1	internal/api/handlers_node_utilization.go
ros-ocp-backend	ROS-3.1	internal/api/handlers_node_utilization_group.go
ros-ocp-backend	ROS-3.1	internal/api/handlers_node_utilization_pagination_integration_test.go
ros-ocp-backend	ROS-3.1	internal/api/handlers_node_utilization_test.go
ros-ocp-backend	ROS-0.10	internal/api/handlers_notification_codes.go
ros-ocp-backend	ROS-0.10	internal/api/handlers_notification_codes_test.go
ros-ocp-backend	ROS-1.3	internal/api/handlers_oom_timeline.go
ros-ocp-backend	ROS-1.3	internal/api/handlers_oom_timeline_test.go
ros-ocp-backend	ROS-0.10	internal/api/handlers_pagination.go
ros-ocp-backend	ROS-0.10	internal/api/handlers_pagination_integration_test.go
ros-ocp-backend	ROS-5.1	internal/api/handlers_pvc.go
ros-ocp-backend	ROS-5.1	internal/api/handlers_pvc_detail.go
ros-ocp-backend	ROS-5.1	internal/api/handlers_pvc_filters.go
ros-ocp-backend	ROS-5.1	internal/api/handlers_pvc_group.go
ros-ocp-backend	ROS-5.1	internal/api/handlers_pvc_integration_test.go
ros-ocp-backend	ROS-5.1	internal/api/handlers_pvc_pagination.go
ros-ocp-backend	ROS-5.1	internal/api/handlers_pvc_pagination_integration_test.go
ros-ocp-backend	ROS-5.1	internal/api/handlers_pvc_quality.go
ros-ocp-backend	ROS-5.1	internal/api/handlers_pvc_scan.go
ros-ocp-backend	ROS-1.3	internal/api/handlers_quality.go
ros-ocp-backend	ROS-1.3	internal/api/handlers_quality_integration_test.go
ros-ocp-backend	ROS-4.1	internal/api/handlers_quota_detail.go
ros-ocp-backend	ROS-4.1	internal/api/handlers_quota_order.go
ros-ocp-backend	ROS-4.1	internal/api/handlers_quota_pagination.go
ros-ocp-backend	ROS-4.1	internal/api/handlers_quota_pagination_test.go
ros-ocp-backend	ROS-4.1	internal/api/handlers_quota_projection.go
ros-ocp-backend	ROS-4.1	internal/api/handlers_quota_recs.go
ros-ocp-backend	ROS-4.1	internal/api/handlers_quota_recs_test.go
ros-ocp-backend	ROS-4.1	internal/api/handlers_quota_settings.go
ros-ocp-backend	ROS-4.1	internal/api/handlers_quota_settings_test.go
ros-ocp-backend	ROS-4.1	internal/api/handlers_quota_trend.go
ros-ocp-backend	ROS-4.1	internal/api/handlers_quota_trend_test.go
ros-ocp-backend	ROS-0.10	internal/api/handlers_readyz_test.go
ros-ocp-backend	ROS-1.3	internal/api/handlers_savings_recalculate.go
ros-ocp-backend	ROS-1.3	internal/api/handlers_savings_recalculate_test.go
ros-ocp-backend	ROS-1.3	internal/api/handlers_savings_summary.go
ros-ocp-backend	ROS-1.3	internal/api/handlers_savings_summary_integration_test.go
ros-ocp-backend	ROS-1.3	internal/api/handlers_savings_summary_tag.go
ros-ocp-backend	ROS-1.3	internal/api/handlers_savings_summary_tag_test.go
ros-ocp-backend	ROS-1.3	internal/api/handlers_savings_summary_test.go
ros-ocp-backend	ROS-0.10	internal/api/handlers_settings_locked_all_test.go
ros-ocp-backend	ROS-0.10	internal/api/handlers_settings_locked_test.go
ros-ocp-backend	ROS-5.1	internal/api/handlers_snapshot.go
ros-ocp-backend	ROS-5.1	internal/api/handlers_snapshot_age_distribution.go
ros-ocp-backend	ROS-5.1	internal/api/handlers_snapshot_age_distribution_test.go
ros-ocp-backend	ROS-5.1	internal/api/handlers_snapshot_cost_by_type.go
ros-ocp-backend	ROS-5.1	internal/api/handlers_snapshot_cost_by_type_test.go
ros-ocp-backend	ROS-5.1	internal/api/handlers_snapshot_group.go
ros-ocp-backend	ROS-5.1	internal/api/handlers_snapshot_integration_test.go
ros-ocp-backend	ROS-5.1	internal/api/handlers_snapshot_pagination.go
ros-ocp-backend	ROS-5.1	internal/api/handlers_snapshot_quality.go
ros-ocp-backend	ROS-5.1	internal/api/handlers_snapshot_scan.go
ros-ocp-backend	ROS-5.1	internal/api/handlers_snapshot_settings.go
ros-ocp-backend	ROS-5.1	internal/api/handlers_snapshot_settings_test.go
ros-ocp-backend	ROS-5.1	internal/api/handlers_snapshot_summary.go
ros-ocp-backend	ROS-5.1	internal/api/handlers_snapshot_summary_integration_test.go
ros-ocp-backend	ROS-5.1	internal/api/handlers_snapshot_summary_test.go
ros-ocp-backend	ROS-5.1	internal/api/handlers_storage_groupby.go
ros-ocp-backend	ROS-0.9	internal/api/handlers_tag_warnings_test.go
ros-ocp-backend	ROS-0.9	internal/api/handlers_tags_status.go
ros-ocp-backend	ROS-0.9	internal/api/handlers_tags_sync.go
ros-ocp-backend	ROS-0.9	internal/api/handlers_tags_sync_test.go
ros-ocp-backend	ROS-0.10	internal/api/handlers_terms.go
ros-ocp-backend	ROS-0.10	internal/api/handlers_terms_integration_test.go
ros-ocp-backend	ROS-1.3	internal/api/handlers_test.go
ros-ocp-backend	ROS-1.3	internal/api/handlers_threshold_settings.go
ros-ocp-backend	ROS-1.3	internal/api/handlers_threshold_settings_test.go
ros-ocp-backend	ROS-7.1	internal/api/handlers_vm_csv.go
ros-ocp-backend	ROS-7.1	internal/api/handlers_vm_history.go
ros-ocp-backend	ROS-7.1	internal/api/handlers_vm_history_test.go
ros-ocp-backend	ROS-7.1	internal/api/handlers_vm_hourly.go
ros-ocp-backend	ROS-7.1	internal/api/handlers_vm_hourly_test.go
ros-ocp-backend	ROS-7.1	internal/api/handlers_vm_instance_types.go
ros-ocp-backend	ROS-7.1	internal/api/handlers_vm_instance_types_test.go
ros-ocp-backend	ROS-7.1	internal/api/handlers_vm_pagination.go
ros-ocp-backend	ROS-7.1	internal/api/handlers_vm_quality.go
ros-ocp-backend	ROS-7.1	internal/api/handlers_vm_recs.go
ros-ocp-backend	ROS-7.1	internal/api/handlers_vm_recs_group.go
ros-ocp-backend	ROS-7.1	internal/api/handlers_vm_recs_integration_test.go
ros-ocp-backend	ROS-7.1	internal/api/handlers_vm_recs_test.go
ros-ocp-backend	ROS-7.1	internal/api/handlers_vm_settings.go
ros-ocp-backend	ROS-7.1	internal/api/handlers_vm_settings_delete_test.go
ros-ocp-backend	ROS-7.1	internal/api/handlers_vm_settings_test.go
ros-ocp-backend	ROS-0.10	internal/api/handlers_workload_types.go
ros-ocp-backend	ROS-0.10	internal/api/handlers_workload_types_test.go
ros-ocp-backend	ROS-0.10	internal/api/identity_context.go
ros-ocp-backend	ROS-0.10	internal/api/ilike_escape_test.go
ros-ocp-backend	ROS-0.10	internal/api/include_params.go
ros-ocp-backend	ROS-0.10	internal/api/include_params_test.go
ros-ocp-backend	ROS-0.10	internal/api/internal_endpoints.go
ros-ocp-backend	ROS-0.10	internal/api/internal_endpoints_test.go
ros-ocp-backend	ROS-0.9	internal/api/internal_tags_auth.go
ros-ocp-backend	ROS-0.10	internal/api/json_bench_test.go
ros-ocp-backend	ROS-0.1	internal/api/kruize_constants.go
ros-ocp-backend	ROS-0.10	internal/api/list_enrichment.go
ros-ocp-backend	ROS-0.10	internal/api/list_enrichment_test.go
ros-ocp-backend	ROS-0.10	internal/api/list_projection_filter.go
ros-ocp-backend	ROS-0.10	internal/api/list_response_options.go
ros-ocp-backend	ROS-0.10	internal/api/list_response_options_test.go
ros-ocp-backend	ROS-0.10	internal/api/listoptions/list_options.go
ros-ocp-backend	ROS-0.10	internal/api/listoptions/list_options_test.go
ros-ocp-backend	ROS-0.10	internal/api/middleware/entitlement.go
ros-ocp-backend	ROS-0.10	internal/api/middleware/entitlement_test.go
ros-ocp-backend	ROS-0.10	internal/api/middleware/identity.go
ros-ocp-backend	ROS-0.10	internal/api/middleware/identity_test.go
ros-ocp-backend	ROS-0.10	internal/api/middleware/rate_limiter.go
ros-ocp-backend	ROS-0.10	internal/api/middleware/rate_limiter_test.go
ros-ocp-backend	ROS-0.10	internal/api/middleware/rbac.go
ros-ocp-backend	ROS-0.10	internal/api/middleware/rbac_cache.go
ros-ocp-backend	ROS-0.10	internal/api/middleware/rbac_cache_test.go
ros-ocp-backend	ROS-0.10	internal/api/middleware/rbac_test.go
ros-ocp-backend	ROS-0.10	internal/api/middleware/testmain_test.go
ros-ocp-backend	ROS-1.3	internal/api/negative_savings_api_test.go
ros-ocp-backend	ROS-1.3	internal/api/node_page_limits.go
ros-ocp-backend	ROS-1.3	internal/api/node_page_limits_test.go
ros-ocp-backend	ROS-0.10	internal/api/openapi_contract_test.go
ros-ocp-backend	ROS-0.10	internal/api/openapi_handler.go
ros-ocp-backend	ROS-0.10	internal/api/openapi_handler_test.go
ros-ocp-backend	ROS-0.10	internal/api/pagination_keyset.go
ros-ocp-backend	ROS-0.10	internal/api/pagination_keyset_test.go
ros-ocp-backend	ROS-0.10	internal/api/queryparams/projection.go
ros-ocp-backend	ROS-0.10	internal/api/queryparams/projection_test.go
ros-ocp-backend	ROS-0.10	internal/api/queryparams/queryparams.go
ros-ocp-backend	ROS-0.10	internal/api/queryparams/queryparams_test.go
ros-ocp-backend	ROS-1.3	internal/api/recommendation_ids_api_test.go
ros-ocp-backend	ROS-0.10	internal/api/register_test_routes_test.go
ros-ocp-backend	ROS-0.10	internal/api/server.go
ros-ocp-backend	ROS-0.5	internal/api/settings_locked.go
ros-ocp-backend	ROS-0.5	internal/api/settings_rbac.go
ros-ocp-backend	ROS-0.5	internal/api/settings_rbac_test.go
ros-ocp-backend	ROS-0.9	internal/api/tag_enrichment.go
ros-ocp-backend	ROS-0.9	internal/api/tag_warnings.go
ros-ocp-backend	ROS-0.9	internal/api/tags_integration_test.go
ros-ocp-backend	ROS-0.10	internal/api/testmain_test.go
ros-ocp-backend	ROS-1.3	internal/api/threshold_settings_routes.go
ros-ocp-backend	ROS-0.10	internal/api/utils.go
ros-ocp-backend	ROS-0.10	internal/api/utils_test.go
ros-ocp-backend	ROS-0.10	internal/api/workload_type_validation_test.go
ros-ocp-backend	ROS-0.11	internal/asyncjobs/shutdown.go
ros-ocp-backend	ROS-0.11	internal/asyncjobs/shutdown_test.go
ros-ocp-backend	ROS-0.7	internal/bhschedule/cache.go
ros-ocp-backend	ROS-0.7	internal/bhschedule/cache_testutil.go
ros-ocp-backend	ROS-0.7	internal/bhschedule/pending_marker.go
ros-ocp-backend	ROS-0.7	internal/bhschedule/pending_marker_test.go
ros-ocp-backend	ROS-0.7	internal/bhschedule/prune.go
ros-ocp-backend	ROS-0.7	internal/bhschedule/schedule.go
ros-ocp-backend	ROS-0.7	internal/bhschedule/schedule_test.go
ros-ocp-backend	ROS-0.7	internal/bhschedule/store.go
ros-ocp-backend	ROS-0.10	internal/cache/helpers.go
ros-ocp-backend	ROS-0.10	internal/cache/helpers_test.go
ros-ocp-backend	ROS-0.10	internal/cache/testmain_test.go
ros-ocp-backend	ROS-0.11	internal/clustercache/cache.go
ros-ocp-backend	ROS-0.11	internal/clustercache/cache_test.go
ros-ocp-backend	ROS-0.11	internal/clustercache/testmain_test.go
ros-ocp-backend	ROS-0.5	internal/config/business_hours.go
ros-ocp-backend	ROS-0.5	internal/config/config.go
ros-ocp-backend	ROS-0.5	internal/config/config_business_hours_test.go
ros-ocp-backend	ROS-0.5	internal/config/config_db_pool_test.go
ros-ocp-backend	ROS-0.5	internal/config/config_savings_estimates_test.go
ros-ocp-backend	ROS-0.5	internal/config/config_security_defaults_test.go
ros-ocp-backend	ROS-0.5	internal/config/config_tags_test.go
ros-ocp-backend	ROS-0.5	internal/config/config_test.go
ros-ocp-backend	ROS-0.5	internal/config/config_threshold_defaults_test.go
ros-ocp-backend	ROS-0.5	internal/config/config_validation.go
ros-ocp-backend	ROS-0.5	internal/config/config_validation_test.go
ros-ocp-backend	ROS-0.5	internal/config/env.go
ros-ocp-backend	ROS-0.5	internal/config/security.go
ros-ocp-backend	ROS-0.5	internal/config/security_test.go
ros-ocp-backend	ROS-0.5	internal/config/tags.go
ros-ocp-backend	ROS-0.5	internal/config/visual_insights.go
ros-ocp-backend	ROS-0.10	internal/costdata/active_provider_test.go
ros-ocp-backend	ROS-0.10	internal/costdata/cache_test.go
ros-ocp-backend	ROS-0.10	internal/costdata/conversion.go
ros-ocp-backend	ROS-0.10	internal/costdata/conversion_test.go
ros-ocp-backend	ROS-0.10	internal/costdata/currency.go
ros-ocp-backend	ROS-0.10	internal/costdata/currency_integration_test.go
ros-ocp-backend	ROS-0.10	internal/costdata/currency_test.go
ros-ocp-backend	ROS-0.10	internal/costdata/lru_cache_test.go
ros-ocp-backend	ROS-0.10	internal/costdata/metrics.go
ros-ocp-backend	ROS-0.10	internal/costdata/provider.go
ros-ocp-backend	ROS-0.10	internal/costdata/provider_contract_test.go
ros-ocp-backend	ROS-0.10	internal/costdata/provider_currency_test.go
ros-ocp-backend	ROS-0.10	internal/costdata/testmain_test.go
ros-ocp-backend	ROS-0.11	internal/dashboard/dashboard_test.go
ros-ocp-backend	ROS-0.6	internal/db/batch.go
ros-ocp-backend	ROS-0.6	internal/db/db.go
ros-ocp-backend	ROS-0.6	internal/db/db_pool_test.go
ros-ocp-backend	ROS-0.6	internal/db/statement_timeout.go
ros-ocp-backend	ROS-0.6	internal/db/statement_timeout_lint_test.go
ros-ocp-backend	ROS-0.6	internal/db/statement_timeout_test.go
ros-ocp-backend	ROS-0.11	internal/debug/pprof.go
ros-ocp-backend	ROS-0.4	internal/engine/adoption.go
ros-ocp-backend	ROS-0.4	internal/engine/adoption_test.go
ros-ocp-backend	ROS-1.2	internal/engine/aggregate_pod_counts_test.go
ros-ocp-backend	ROS-1.2	internal/engine/analytics_hooks.go
ros-ocp-backend	ROS-1.2	internal/engine/analytics_hooks_stub.go
ros-ocp-backend	ROS-1.2	internal/engine/analytics_pipeline.go
ros-ocp-backend	ROS-1.2	internal/engine/batch_analytics_test.go
ros-ocp-backend	ROS-1.2	internal/engine/bench_business_hours_test.go
ros-ocp-backend	ROS-1.2	internal/engine/business_hours.go
ros-ocp-backend	ROS-1.2	internal/engine/business_hours_settings.go
ros-ocp-backend	ROS-1.2	internal/engine/business_hours_settings_integration_test.go
ros-ocp-backend	ROS-1.2	internal/engine/business_hours_settings_test.go
ros-ocp-backend	ROS-1.2	internal/engine/business_hours_test.go
ros-ocp-backend	ROS-0.2	internal/engine/category_test.go
ros-ocp-backend	ROS-1.2	internal/engine/cluster_analytics.go
ros-ocp-backend	ROS-1.2	internal/engine/cluster_ingest_hooks.go
ros-ocp-backend	ROS-4.1	internal/engine/cluster_quota_run.go
ros-ocp-backend	ROS-4.1	internal/engine/cluster_quota_settings.go
ros-ocp-backend	ROS-4.1	internal/engine/cluster_quota_settings_test.go
ros-ocp-backend	ROS-1.2	internal/engine/compat.go
ros-ocp-backend	ROS-1.2	internal/engine/compound_bh_threshold_test.go
ros-ocp-backend	ROS-1.2	internal/engine/container/history.go
ros-ocp-backend	ROS-1.2	internal/engine/container/notifications.go
ros-ocp-backend	ROS-1.2	internal/engine/container/quality.go
ros-ocp-backend	ROS-1.2	internal/engine/container/quality_test.go
ros-ocp-backend	ROS-1.2	internal/engine/container/recommend_cpu.go
ros-ocp-backend	ROS-1.2	internal/engine/container/recommend_cpu_and_memory.go
ros-ocp-backend	ROS-1.2	internal/engine/container/recommend_memory.go
ros-ocp-backend	ROS-1.2	internal/engine/container/replica_optimization.go
ros-ocp-backend	ROS-1.2	internal/engine/container/replica_optimization_test.go
ros-ocp-backend	ROS-1.2	internal/engine/container/savings.go
ros-ocp-backend	ROS-1.2	internal/engine/container/savings_test.go
ros-ocp-backend	ROS-0.2	internal/engine/core/category.go
ros-ocp-backend	ROS-0.2	internal/engine/core/confidence.go
ros-ocp-backend	ROS-0.2	internal/engine/core/cost_rates.go
ros-ocp-backend	ROS-0.4	internal/engine/core/decay.go
ros-ocp-backend	ROS-0.4	internal/engine/core/decay_table.go
ros-ocp-backend	ROS-0.4	internal/engine/core/detect_idle.go
ros-ocp-backend	ROS-0.2	internal/engine/core/errors.go
ros-ocp-backend	ROS-0.3	internal/engine/core/explanation.go
ros-ocp-backend	ROS-0.3	internal/engine/core/explanation_persist.go
ros-ocp-backend	ROS-0.4	internal/engine/core/idle_classification.go
ros-ocp-backend	ROS-0.2	internal/engine/core/margin.go
ros-ocp-backend	ROS-0.2	internal/engine/core/margin_scaled.go
ros-ocp-backend	ROS-0.3	internal/engine/core/notifications.go
ros-ocp-backend	ROS-0.3	internal/engine/core/notifications_bitmap.go
ros-ocp-backend	ROS-0.2	internal/engine/core/percentile.go
ros-ocp-backend	ROS-0.2	internal/engine/core/quality_utils.go
ros-ocp-backend	ROS-0.2	internal/engine/core/savings_int.go
ros-ocp-backend	ROS-0.2	internal/engine/core/savings_int_test.go
ros-ocp-backend	ROS-0.2	internal/engine/core/trend.go
ros-ocp-backend	ROS-0.2	internal/engine/core/types.go
ros-ocp-backend	ROS-0.4	internal/engine/decay_test.go
ros-ocp-backend	ROS-0.4	internal/engine/detect_idle_test.go
ros-ocp-backend	ROS-6.1	internal/engine/gpu/fixed.go
ros-ocp-backend	ROS-6.1	internal/engine/gpu/gpu_catalog.yaml
ros-ocp-backend	ROS-6.1	internal/engine/gpu/idle_classification.go
ros-ocp-backend	ROS-6.1	internal/engine/gpu/idle_classification_test.go
ros-ocp-backend	ROS-6.1	internal/engine/gpu/main_test.go
ros-ocp-backend	ROS-6.1	internal/engine/gpu/metadata.go
ros-ocp-backend	ROS-6.1	internal/engine/gpu/metadata_test.go
ros-ocp-backend	ROS-6.1	internal/engine/gpu/mig_list.go
ros-ocp-backend	ROS-6.1	internal/engine/gpu/mig_list_test.go
ros-ocp-backend	ROS-6.1	internal/engine/gpu/mig_persist.go
ros-ocp-backend	ROS-6.1	internal/engine/gpu/mig_persist_test.go
ros-ocp-backend	ROS-6.1	internal/engine/gpu/mig_quality.go
ros-ocp-backend	ROS-6.1	internal/engine/gpu/mig_quality_test.go
ros-ocp-backend	ROS-6.1	internal/engine/gpu/node_gpu_triples.go
ros-ocp-backend	ROS-6.1	internal/engine/gpu/query.go
ros-ocp-backend	ROS-6.1	internal/engine/gpu/recommender.go
ros-ocp-backend	ROS-6.1	internal/engine/gpu/recommender_test.go
ros-ocp-backend	ROS-6.1	internal/engine/gpu/savings_test.go
ros-ocp-backend	ROS-6.1	internal/engine/gpu/settings.go
ros-ocp-backend	ROS-6.1	internal/engine/gpu/timeslicing.go
ros-ocp-backend	ROS-6.1	internal/engine/gpu/timeslicing_group.go
ros-ocp-backend	ROS-6.1	internal/engine/gpu/timeslicing_history.go
ros-ocp-backend	ROS-6.1	internal/engine/gpu/timeslicing_persist.go
ros-ocp-backend	ROS-6.1	internal/engine/gpu/timeslicing_retention.go
ros-ocp-backend	ROS-6.1	internal/engine/gpu/timeslicing_test.go
ros-ocp-backend	ROS-6.1	internal/engine/gpu/vgpu_profiles.go
ros-ocp-backend	ROS-6.1	internal/engine/gpu/vgpu_profiles.yaml
ros-ocp-backend	ROS-6.1	internal/engine/gpu/vgpu_profiles_test.go
ros-ocp-backend	ROS-6.1	internal/engine/gpu_catalog.yaml
ros-ocp-backend	ROS-6.1	internal/engine/gpu_mig_integration_test.go
ros-ocp-backend	ROS-6.1	internal/engine/gpu_query_containers_test.go
ros-ocp-backend	ROS-6.1	internal/engine/gpu_timeslicing_backfill.go
ros-ocp-backend	ROS-6.1	internal/engine/gpu_timeslicing_backfill_test.go
ros-ocp-backend	ROS-6.1	internal/engine/gpu_timeslicing_compute_persist_test.go
ros-ocp-backend	ROS-6.1	internal/engine/gpu_timeslicing_history_test.go
ros-ocp-backend	ROS-6.1	internal/engine/gpu_timeslicing_persist_integration_test.go
ros-ocp-backend	ROS-6.1	internal/engine/gpu_wire.go
ros-ocp-backend	ROS-1.2	internal/engine/history.go
ros-ocp-backend	ROS-1.2	internal/engine/history_test.go
ros-ocp-backend	ROS-0.4	internal/engine/idle_classification.go
ros-ocp-backend	ROS-0.4	internal/engine/idle_classification_test.go
ros-ocp-backend	ROS-0.4	internal/engine/idle_settings.go
ros-ocp-backend	ROS-0.4	internal/engine/idle_settings_test.go
ros-ocp-backend	ROS-1.2	internal/engine/latest_replica_counts_test.go
ros-ocp-backend	ROS-0.2	internal/engine/margin_test.go
ros-ocp-backend	ROS-1.2	internal/engine/migration_business_hours_test.go
ros-ocp-backend	ROS-0.6	internal/engine/migration_roundtrip_test.go
ros-ocp-backend	ROS-0.6	internal/engine/migration_sequence_test.go
ros-ocp-backend	ROS-0.6	internal/engine/migration_test_helpers_test.go
ros-ocp-backend	ROS-2.1	internal/engine/namespace/namespace_rec_history.go
ros-ocp-backend	ROS-2.1	internal/engine/namespace_rec_history.go
ros-ocp-backend	ROS-2.1	internal/engine/namespace_rec_history_test.go
ros-ocp-backend	ROS-1.3	internal/engine/negative_savings_test.go
ros-ocp-backend	ROS-3.1	internal/engine/node/consolidation_test.go
ros-ocp-backend	ROS-3.1	internal/engine/node/idle_classification.go
ros-ocp-backend	ROS-3.1	internal/engine/node/idle_classification_test.go
ros-ocp-backend	ROS-3.1	internal/engine/node/persist_test.go
ros-ocp-backend	ROS-3.1	internal/engine/node/recommend.go
ros-ocp-backend	ROS-3.1	internal/engine/node/recommend_test.go
ros-ocp-backend	ROS-3.1	internal/engine/node/savings.go
ros-ocp-backend	ROS-3.1	internal/engine/node/savings_test.go
ros-ocp-backend	ROS-3.1	internal/engine/node/types.go
ros-ocp-backend	ROS-0.3	internal/engine/notifications.go
ros-ocp-backend	ROS-0.3	internal/engine/notifications_test.go
ros-ocp-backend	ROS-1.2	internal/engine/partitions_startup.go
ros-ocp-backend	ROS-0.2	internal/engine/percentile_test.go
ros-ocp-backend	ROS-5.1	internal/engine/pvc/pvc_quality.go
ros-ocp-backend	ROS-5.1	internal/engine/pvc/pvc_quality_test.go
ros-ocp-backend	ROS-5.1	internal/engine/pvc/pvc_recommend.go
ros-ocp-backend	ROS-5.1	internal/engine/pvc/pvc_recommend_test.go
ros-ocp-backend	ROS-5.1	internal/engine/pvc/pvc_savings.go
ros-ocp-backend	ROS-5.1	internal/engine/pvc/pvc_savings_test.go
ros-ocp-backend	ROS-5.1	internal/engine/pvc_integration_test.go
ros-ocp-backend	ROS-5.1	internal/engine/pvc_wrapper.go
ros-ocp-backend	ROS-1.2	internal/engine/quality.go
ros-ocp-backend	ROS-1.2	internal/engine/quality_test.go
ros-ocp-backend	ROS-4.1	internal/engine/quota/cluster_quota_rec_history.go
ros-ocp-backend	ROS-4.1	internal/engine/quota/quota_notifications.go
ros-ocp-backend	ROS-4.1	internal/engine/quota/quota_notifications_test.go
ros-ocp-backend	ROS-4.1	internal/engine/quota/quota_rec_history.go
ros-ocp-backend	ROS-4.1	internal/engine/quota/quota_rec_history_test.go
ros-ocp-backend	ROS-4.1	internal/engine/quota/recommend_cluster_quota.go
ros-ocp-backend	ROS-4.1	internal/engine/quota/recommend_cluster_quota_test.go
ros-ocp-backend	ROS-4.1	internal/engine/quota/recommend_quota.go
ros-ocp-backend	ROS-4.1	internal/engine/quota/recommend_quota_test.go
ros-ocp-backend	ROS-4.1	internal/engine/quota_integration_test.go
ros-ocp-backend	ROS-4.1	internal/engine/quota_projection.go
ros-ocp-backend	ROS-4.1	internal/engine/quota_projection_test.go
ros-ocp-backend	ROS-4.1	internal/engine/quota_run.go
ros-ocp-backend	ROS-4.1	internal/engine/quota_settings.go
ros-ocp-backend	ROS-4.1	internal/engine/quota_settings_test.go
ros-ocp-backend	ROS-1.2	internal/engine/recommend_all.go
ros-ocp-backend	ROS-1.2	internal/engine/recommend_all_test.go
ros-ocp-backend	ROS-1.2	internal/engine/recommend_business_hours.go
ros-ocp-backend	ROS-1.2	internal/engine/recommend_business_hours_test.go
ros-ocp-backend	ROS-1.2	internal/engine/recommend_cpu.go
ros-ocp-backend	ROS-1.2	internal/engine/recommend_cpu_and_memory.go
ros-ocp-backend	ROS-1.2	internal/engine/recommend_cpu_and_memory_test.go
ros-ocp-backend	ROS-1.2	internal/engine/recommend_cpu_test.go
ros-ocp-backend	ROS-1.2	internal/engine/recommend_memory.go
ros-ocp-backend	ROS-1.2	internal/engine/recommend_memory_test.go
ros-ocp-backend	ROS-2.1	internal/engine/recommend_namespace.go
ros-ocp-backend	ROS-2.1	internal/engine/recommend_namespace_test.go
ros-ocp-backend	ROS-3.1	internal/engine/recommend_nodes_integration_test.go
ros-ocp-backend	ROS-1.2	internal/engine/replica_optimization.go
ros-ocp-backend	ROS-1.2	internal/engine/replica_optimization_test.go
ros-ocp-backend	ROS-1.2	internal/engine/retention.go
ros-ocp-backend	ROS-5.1	internal/engine/retention_pvc_plugin_integration_test.go
ros-ocp-backend	ROS-1.2	internal/engine/retention_test.go
ros-ocp-backend	ROS-1.2	internal/engine/savings.go
ros-ocp-backend	ROS-0.2	internal/engine/savings_int_test.go
ros-ocp-backend	ROS-1.3	internal/engine/savings_integration_test.go
ros-ocp-backend	ROS-1.3	internal/engine/savings_recalc_guard.go
ros-ocp-backend	ROS-1.3	internal/engine/savings_recalc_guard_test.go
ros-ocp-backend	ROS-1.3	internal/engine/savings_recalculate.go
ros-ocp-backend	ROS-1.3	internal/engine/savings_recalculate_test.go
ros-ocp-backend	ROS-0.2	internal/engine/savings_test.go
ros-ocp-backend	ROS-0.5	internal/engine/settings_cache_test.go
ros-ocp-backend	ROS-0.5	internal/engine/settings_locked.go
ros-ocp-backend	ROS-0.5	internal/engine/settings_locked_startup.go
ros-ocp-backend	ROS-0.5	internal/engine/settings_locked_startup_test.go
ros-ocp-backend	ROS-0.5	internal/engine/settings_locked_test.go
ros-ocp-backend	ROS-5.1	internal/engine/snapshot/snapshot_classify.go
ros-ocp-backend	ROS-5.1	internal/engine/snapshot/snapshot_classify_test.go
ros-ocp-backend	ROS-5.1	internal/engine/snapshot/snapshot_cost_test.go
ros-ocp-backend	ROS-5.1	internal/engine/snapshot/snapshot_quality.go
ros-ocp-backend	ROS-5.1	internal/engine/snapshot/snapshot_quality_test.go
ros-ocp-backend	ROS-5.1	internal/engine/snapshot/snapshot_recommend_run.go
ros-ocp-backend	ROS-5.1	internal/engine/snapshot/snapshot_settings.go
ros-ocp-backend	ROS-5.1	internal/engine/snapshot/snapshot_settings_validation.go
ros-ocp-backend	ROS-5.1	internal/engine/snapshot/snapshot_settings_validation_test.go
ros-ocp-backend	ROS-5.1	internal/engine/snapshot_recommend_integration_test.go
ros-ocp-backend	ROS-5.1	internal/engine/snapshot_reconcile_test.go
ros-ocp-backend	ROS-5.1	internal/engine/snapshot_settings_integration_test.go
ros-ocp-backend	ROS-5.1	internal/engine/snapshot_test_fixtures_integration_test.go
ros-ocp-backend	ROS-0.2	internal/engine/term_config.go
ros-ocp-backend	ROS-0.2	internal/engine/term_config_cache_test.go
ros-ocp-backend	ROS-0.2	internal/engine/term_config_integration_test.go
ros-ocp-backend	ROS-0.2	internal/engine/term_config_test.go
ros-ocp-backend	ROS-1.2	internal/engine/testmain_test.go
ros-ocp-backend	ROS-1.4	internal/engine/threshold_cache_test.go
ros-ocp-backend	ROS-1.4	internal/engine/threshold_concurrent_test.go
ros-ocp-backend	ROS-1.4	internal/engine/threshold_memory_test.go
ros-ocp-backend	ROS-1.4	internal/engine/threshold_metrics.go
ros-ocp-backend	ROS-1.4	internal/engine/threshold_performance_test.go
ros-ocp-backend	ROS-1.4	internal/engine/threshold_recalc_guard.go
ros-ocp-backend	ROS-1.4	internal/engine/threshold_recalc_guard_test.go
ros-ocp-backend	ROS-1.4	internal/engine/threshold_recalc_state.go
ros-ocp-backend	ROS-1.4	internal/engine/threshold_recalculate.go
ros-ocp-backend	ROS-1.4	internal/engine/threshold_recalculate_correctness_test.go
ros-ocp-backend	ROS-1.4	internal/engine/threshold_recalculate_test.go
ros-ocp-backend	ROS-1.4	internal/engine/threshold_settings.go
ros-ocp-backend	ROS-1.4	internal/engine/threshold_settings_test.go
ros-ocp-backend	ROS-1.4	internal/engine/threshold_settings_unit_test.go
ros-ocp-backend	ROS-1.4	internal/engine/threshold_settings_validation.go
ros-ocp-backend	ROS-1.4	internal/engine/threshold_settings_validation_test.go
ros-ocp-backend	ROS-0.2	internal/engine/trend_test.go
ros-ocp-backend	ROS-1.2	internal/engine/types.go
ros-ocp-backend	ROS-6.1	internal/engine/vgpu_profiles.yaml
ros-ocp-backend	ROS-7.1	internal/engine/vm/vm_adaptive_margin.go
ros-ocp-backend	ROS-7.1	internal/engine/vm/vm_adaptive_margin_test.go
ros-ocp-backend	ROS-7.1	internal/engine/vm/vm_api_db.go
ros-ocp-backend	ROS-7.1	internal/engine/vm/vm_api_db_test.go
ros-ocp-backend	ROS-7.1	internal/engine/vm/vm_api_pagination.go
ros-ocp-backend	ROS-7.1	internal/engine/vm/vm_backward_compat_test.go
ros-ocp-backend	ROS-7.1	internal/engine/vm/vm_cluster_instance_types.go
ros-ocp-backend	ROS-7.1	internal/engine/vm/vm_cluster_instance_types_test.go
ros-ocp-backend	ROS-7.1	internal/engine/vm/vm_cluster_preferences.go
ros-ocp-backend	ROS-7.1	internal/engine/vm/vm_cluster_preferences_test.go
ros-ocp-backend	ROS-7.1	internal/engine/vm/vm_config.go
ros-ocp-backend	ROS-7.1	internal/engine/vm/vm_config_test.go
ros-ocp-backend	ROS-7.1	internal/engine/vm/vm_current_instance_type_test.go
ros-ocp-backend	ROS-7.1	internal/engine/vm/vm_db.go
ros-ocp-backend	ROS-7.1	internal/engine/vm/vm_detect_abandoned.go
ros-ocp-backend	ROS-7.1	internal/engine/vm/vm_detect_abandoned_test.go
ros-ocp-backend	ROS-7.1	internal/engine/vm/vm_disk_expand_test.go
ros-ocp-backend	ROS-7.1	internal/engine/vm/vm_gpu.go
ros-ocp-backend	ROS-7.1	internal/engine/vm/vm_gpu_device_db.go
ros-ocp-backend	ROS-7.1	internal/engine/vm/vm_gpu_recommender_test.go
ros-ocp-backend	ROS-7.1	internal/engine/vm/vm_gpu_timeslicing.go
ros-ocp-backend	ROS-7.1	internal/engine/vm/vm_gpu_timeslicing_test.go
ros-ocp-backend	ROS-7.1	internal/engine/vm/vm_instance_catalog.go
ros-ocp-backend	ROS-7.1	internal/engine/vm/vm_instance_catalog_exact_test.go
ros-ocp-backend	ROS-7.1	internal/engine/vm/vm_instance_catalog_test.go
ros-ocp-backend	ROS-7.1	internal/engine/vm/vm_io_classification.go
ros-ocp-backend	ROS-7.1	internal/engine/vm/vm_io_classification_test.go
ros-ocp-backend	ROS-7.1	internal/engine/vm/vm_mig_optimal.go
ros-ocp-backend	ROS-7.1	internal/engine/vm/vm_mig_optimal_test.go
ros-ocp-backend	ROS-7.1	internal/engine/vm/vm_multi_gpu_test.go
ros-ocp-backend	ROS-7.1	internal/engine/vm/vm_network_classification.go
ros-ocp-backend	ROS-7.1	internal/engine/vm/vm_network_classification_test.go
ros-ocp-backend	ROS-7.1	internal/engine/vm/vm_network_qos.go
ros-ocp-backend	ROS-7.1	internal/engine/vm/vm_network_qos_test.go
ros-ocp-backend	ROS-7.1	internal/engine/vm/vm_notifications.go
ros-ocp-backend	ROS-7.1	internal/engine/vm/vm_numa_check.go
ros-ocp-backend	ROS-7.1	internal/engine/vm/vm_numa_node_memory.go
ros-ocp-backend	ROS-7.1	internal/engine/vm/vm_numa_node_memory_test.go
ros-ocp-backend	ROS-7.1	internal/engine/vm/vm_placement.go
ros-ocp-backend	ROS-7.1	internal/engine/vm/vm_placement_notifications.go
ros-ocp-backend	ROS-7.1	internal/engine/vm/vm_placement_test.go
ros-ocp-backend	ROS-7.1	internal/engine/vm/vm_power_schedule.go
ros-ocp-backend	ROS-7.1	internal/engine/vm/vm_power_schedule_test.go
ros-ocp-backend	ROS-7.1	internal/engine/vm/vm_pvc_correlation.go
ros-ocp-backend	ROS-7.1	internal/engine/vm/vm_pvc_correlation_test.go
ros-ocp-backend	ROS-7.1	internal/engine/vm/vm_pvc_db.go
ros-ocp-backend	ROS-7.1	internal/engine/vm/vm_quality.go
ros-ocp-backend	ROS-7.1	internal/engine/vm/vm_quality_test.go
ros-ocp-backend	ROS-7.1	internal/engine/vm/vm_rec_history.go
ros-ocp-backend	ROS-7.1	internal/engine/vm/vm_recommender.go
ros-ocp-backend	ROS-7.1	internal/engine/vm/vm_recommender_test.go
ros-ocp-backend	ROS-7.1	internal/engine/vm/vm_runner.go
ros-ocp-backend	ROS-7.1	internal/engine/vm/vm_savings.go
ros-ocp-backend	ROS-7.1	internal/engine/vm/vm_savings_test.go
ros-ocp-backend	ROS-7.1	internal/engine/vm/vm_settings.go
ros-ocp-backend	ROS-7.1	internal/engine/vm/vm_storage_tiering.go
ros-ocp-backend	ROS-7.1	internal/engine/vm/vm_storage_tiering_test.go
ros-ocp-backend	ROS-7.1	internal/engine/vm/vm_terms.go
ros-ocp-backend	ROS-7.1	internal/engine/vm_full_integration_test.go
ros-ocp-backend	ROS-7.1	internal/engine/vm_history_retention_integration_test.go
ros-ocp-backend	ROS-7.1	internal/engine/vm_rec_history_integration_test.go
ros-ocp-backend	ROS-7.1	internal/engine/vm_settings_cache_integration_test.go
ros-ocp-backend	ROS-7.1	internal/engine/vm_settings_integration_test.go
ros-ocp-backend	ROS-0.2	internal/engine/window_bounds_test.go
ros-ocp-backend	ROS-0.8	internal/featureflags/flags.go
ros-ocp-backend	ROS-0.2	internal/fixedpoint/basis_points.go
ros-ocp-backend	ROS-1.3	internal/fleetheatmap/cache.go
ros-ocp-backend	ROS-1.3	internal/fleetsummary/cache.go
ros-ocp-backend	ROS-1.3	internal/fleetsummary/cache_test.go
ros-ocp-backend	ROS-1.3	internal/fleetsummary/testmain_test.go
ros-ocp-backend	ROS-0.10	internal/health/healthz.go
ros-ocp-backend	ROS-0.10	internal/health/healthz_test.go
ros-ocp-backend	ROS-0.10	internal/health/readyz.go
ros-ocp-backend	ROS-0.10	internal/health/readyz_test.go
ros-ocp-backend	ROS-0.10	internal/httpclient/client.go
ros-ocp-backend	ROS-0.7	internal/ingestion/bench_business_hours_test.go
ros-ocp-backend	ROS-0.7	internal/ingestion/business_hours.go
ros-ocp-backend	ROS-0.7	internal/ingestion/business_hours_test.go
ros-ocp-backend	ROS-4.1	internal/ingestion/cluster_quota.go
ros-ocp-backend	ROS-4.1	internal/ingestion/cluster_quota_test.go
ros-ocp-backend	ROS-0.7	internal/ingestion/csv_contract_test.go
ros-ocp-backend	ROS-0.7	internal/ingestion/csverrors.go
ros-ocp-backend	ROS-0.7	internal/ingestion/csvparser.go
ros-ocp-backend	ROS-0.7	internal/ingestion/csvparser_test.go
ros-ocp-backend	ROS-0.7	internal/ingestion/deadlock_retry.go
ros-ocp-backend	ROS-0.7	internal/ingestion/deadlock_retry_test.go
ros-ocp-backend	ROS-0.7	internal/ingestion/digest.go
ros-ocp-backend	ROS-0.7	internal/ingestion/digest_test.go
ros-ocp-backend	ROS-6.1	internal/ingestion/gpu_stream.go
ros-ocp-backend	ROS-0.7	internal/ingestion/ingest_single_tx.go
ros-ocp-backend	ROS-0.7	internal/ingestion/models.go
ros-ocp-backend	ROS-2.1	internal/ingestion/namespace.go
ros-ocp-backend	ROS-2.1	internal/ingestion/namespace_quota.go
ros-ocp-backend	ROS-2.1	internal/ingestion/namespace_stream.go
ros-ocp-backend	ROS-2.1	internal/ingestion/namespace_stream_test.go
ros-ocp-backend	ROS-2.1	internal/ingestion/namespace_test.go
ros-ocp-backend	ROS-3.1	internal/ingestion/node_digest.go
ros-ocp-backend	ROS-3.1	internal/ingestion/node_digest_test.go
ros-ocp-backend	ROS-3.1	internal/ingestion/node_hourly_digest.go
ros-ocp-backend	ROS-0.7	internal/ingestion/pipeline.go
ros-ocp-backend	ROS-0.7	internal/ingestion/pipeline_business_hours.go
ros-ocp-backend	ROS-0.7	internal/ingestion/pipeline_business_hours_test.go
ros-ocp-backend	ROS-0.7	internal/ingestion/pipeline_regression_test.go
ros-ocp-backend	ROS-0.7	internal/ingestion/pipeline_stream.go
ros-ocp-backend	ROS-0.7	internal/ingestion/pipeline_stream_flush_test.go
ros-ocp-backend	ROS-0.7	internal/ingestion/pipeline_test.go
ros-ocp-backend	ROS-5.1	internal/ingestion/pvc.go
ros-ocp-backend	ROS-5.1	internal/ingestion/pvc_test.go
ros-ocp-backend	ROS-0.7	internal/ingestion/schedule_type.go
ros-ocp-backend	ROS-0.7	internal/ingestion/schedule_type_test.go
ros-ocp-backend	ROS-0.7	internal/ingestion/single_tx_threshold_test.go
ros-ocp-backend	ROS-5.1	internal/ingestion/snapshot.go
ros-ocp-backend	ROS-5.1	internal/ingestion/snapshot_test.go
ros-ocp-backend	ROS-7.1	internal/ingestion/vm_csv.go
ros-ocp-backend	ROS-7.1	internal/ingestion/vm_csv_test.go
ros-ocp-backend	ROS-7.1	internal/ingestion/vm_digest_builder.go
ros-ocp-backend	ROS-7.1	internal/ingestion/vm_digest_builder_test.go
ros-ocp-backend	ROS-7.1	internal/ingestion/vm_gpu_device_csv.go
ros-ocp-backend	ROS-7.1	internal/ingestion/vm_gpu_device_csv_test.go
ros-ocp-backend	ROS-7.1	internal/ingestion/vm_gpu_device_db.go
ros-ocp-backend	ROS-7.1	internal/ingestion/vm_hourly_digest.go
ros-ocp-backend	ROS-7.1	internal/ingestion/vm_network_digest_test.go
ros-ocp-backend	ROS-7.1	internal/ingestion/vm_pvc_csv.go
ros-ocp-backend	ROS-7.1	internal/ingestion/vm_pvc_csv_test.go
ros-ocp-backend	ROS-7.1	internal/ingestion/vm_pvc_db.go
ros-ocp-backend	ROS-7.1	internal/ingestion/vm_rows.go
ros-ocp-backend	ROS-7.1	internal/ingestion/vm_upsert.go
ros-ocp-backend	ROS-0.11	internal/integration/business_hours_test.go
ros-ocp-backend	ROS-0.7	internal/kafka/commit.go
ros-ocp-backend	ROS-0.7	internal/kafka/commit_test.go
ros-ocp-backend	ROS-0.7	internal/kafka/consumer.go
ros-ocp-backend	ROS-0.7	internal/kafka/consumer_test.go
ros-ocp-backend	ROS-0.7	internal/kafka/lag.go
ros-ocp-backend	ROS-0.7	internal/kafka/lag_test.go
ros-ocp-backend	ROS-0.7	internal/kafka/producer.go
ros-ocp-backend	ROS-0.10	internal/logging/logging.go
ros-ocp-backend	ROS-0.10	internal/logging/logging_test.go
ros-ocp-backend	ROS-0.10	internal/metrics/metrics.go
ros-ocp-backend	ROS-0.10	internal/metrics/metrics_test.go
ros-ocp-backend	ROS-0.10	internal/metrics/pool_collector.go
ros-ocp-backend	ROS-0.12	internal/model/boxplot.go
ros-ocp-backend	ROS-0.12	internal/model/boxplot_test.go
ros-ocp-backend	ROS-0.12	internal/model/cluster.go
ros-ocp-backend	ROS-0.12	internal/model/common.go
ros-ocp-backend	ROS-0.12	internal/model/container_recommendation_pagination.go
ros-ocp-backend	ROS-0.12	internal/model/container_recommendation_pagination_test.go
ros-ocp-backend	ROS-0.12	internal/model/detail_response.go
ros-ocp-backend	ROS-0.12	internal/model/detail_response_test.go
ros-ocp-backend	ROS-0.12	internal/model/errors.go
ros-ocp-backend	ROS-0.12	internal/model/explanation_api.go
ros-ocp-backend	ROS-0.12	internal/model/explanation_api_test.go
ros-ocp-backend	ROS-0.12	internal/model/export_test.go
ros-ocp-backend	ROS-0.12	internal/model/gpu_mig_recommendation.go
ros-ocp-backend	ROS-0.12	internal/model/gpu_mig_recommendation_quality.go
ros-ocp-backend	ROS-0.12	internal/model/gpu_mig_recommendation_set.go
ros-ocp-backend	ROS-0.12	internal/model/gpu_summary.go
ros-ocp-backend	ROS-0.12	internal/model/historical_recommendation_set.go
ros-ocp-backend	ROS-0.12	internal/model/idle_api.go
ros-ocp-backend	ROS-0.12	internal/model/idle_api_test.go
ros-ocp-backend	ROS-0.12	internal/model/list_response.go
ros-ocp-backend	ROS-0.12	internal/model/list_response_test.go
ros-ocp-backend	ROS-0.12	internal/model/machineset_recommendation.go
ros-ocp-backend	ROS-0.12	internal/model/metrics.go
ros-ocp-backend	ROS-0.12	internal/model/namespace_recommendation_keyset_test.go
ros-ocp-backend	ROS-0.12	internal/model/namespace_recommendation_pagination.go
ros-ocp-backend	ROS-0.12	internal/model/namespace_recommendation_set.go
ros-ocp-backend	ROS-0.12	internal/model/namespace_recommendation_set_native.go
ros-ocp-backend	ROS-0.12	internal/model/native_list_keys.go
ros-ocp-backend	ROS-0.12	internal/model/native_list_keys_test.go
ros-ocp-backend	ROS-0.12	internal/model/native_ns_list_keys.go
ros-ocp-backend	ROS-0.12	internal/model/native_pgx_scan.go
ros-ocp-backend	ROS-0.12	internal/model/native_pgx_scan_test.go
ros-ocp-backend	ROS-0.12	internal/model/native_query_allowlist.go
ros-ocp-backend	ROS-0.12	internal/model/native_query_allowlist_test.go
ros-ocp-backend	ROS-0.12	internal/model/node_cpu_mem_recommendation.go
ros-ocp-backend	ROS-0.12	internal/model/node_cpu_mem_recommendation_test.go
ros-ocp-backend	ROS-0.12	internal/model/node_gpu_timeslicing_recommendation.go
ros-ocp-backend	ROS-0.12	internal/model/node_recommendation.go
ros-ocp-backend	ROS-0.12	internal/model/node_recommendation_test.go
ros-ocp-backend	ROS-0.12	internal/model/oom_timeline.go
ros-ocp-backend	ROS-0.12	internal/model/org_container_keys.go
ros-ocp-backend	ROS-0.12	internal/model/org_container_keys_test.go
ros-ocp-backend	ROS-0.12	internal/model/org_namespace_keys.go
ros-ocp-backend	ROS-0.12	internal/model/org_namespace_keys_test.go
ros-ocp-backend	ROS-0.12	internal/model/org_recommendation_stats.go
ros-ocp-backend	ROS-0.12	internal/model/pvc_recommendation_quality.go
ros-ocp-backend	ROS-0.12	internal/model/quota_trend.go
ros-ocp-backend	ROS-0.12	internal/model/quota_trend_test.go
ros-ocp-backend	ROS-0.12	internal/model/recommendation_detail_org_scope_test.go
ros-ocp-backend	ROS-0.12	internal/model/recommendation_history.go
ros-ocp-backend	ROS-0.12	internal/model/recommendation_ids.go
ros-ocp-backend	ROS-0.12	internal/model/recommendation_ids_test.go
ros-ocp-backend	ROS-0.12	internal/model/recommendation_quality.go
ros-ocp-backend	ROS-0.12	internal/model/recommendation_set.go
ros-ocp-backend	ROS-0.12	internal/model/recommendation_set_keyset_test.go
ros-ocp-backend	ROS-0.12	internal/model/recommendation_set_native.go
ros-ocp-backend	ROS-0.12	internal/model/recommendation_set_native_bench_test.go
ros-ocp-backend	ROS-0.12	internal/model/recommendation_set_native_test.go
ros-ocp-backend	ROS-0.12	internal/model/report_file_status.go
ros-ocp-backend	ROS-0.12	internal/model/report_file_status_test.go
ros-ocp-backend	ROS-0.12	internal/model/snapshot_recommendation_quality.go
ros-ocp-backend	ROS-0.12	internal/model/tag_filter_keys.go
ros-ocp-backend	ROS-0.12	internal/model/tag_filters.go
ros-ocp-backend	ROS-0.12	internal/model/tag_filters_test.go
ros-ocp-backend	ROS-0.12	internal/model/types/gpu_device_digest.go
ros-ocp-backend	ROS-0.12	internal/model/types/gpu_mig.go
ros-ocp-backend	ROS-0.12	internal/model/types/node_gpu_timeslicing.go
ros-ocp-backend	ROS-0.12	internal/model/types/pvc_digest.go
ros-ocp-backend	ROS-0.12	internal/model/types/recommendation_ids.go
ros-ocp-backend	ROS-0.12	internal/model/types/vm_digest.go
ros-ocp-backend	ROS-0.12	internal/model/types/vm_recommendation.go
ros-ocp-backend	ROS-0.12	internal/model/vm_digest.go
ros-ocp-backend	ROS-0.12	internal/model/vm_gpu.go
ros-ocp-backend	ROS-0.12	internal/model/vm_pvc.go
ros-ocp-backend	ROS-0.12	internal/model/vm_recommendation.go
ros-ocp-backend	ROS-0.12	internal/model/vm_recommendation_quality.go
ros-ocp-backend	ROS-0.12	internal/model/workload_metrics.go
ros-ocp-backend	ROS-0.2	internal/money/cents.go
ros-ocp-backend	ROS-0.2	internal/money/format.go
ros-ocp-backend	ROS-0.2	internal/money/format_test.go
ros-ocp-backend	ROS-0.3	internal/notifications/catalog.go
ros-ocp-backend	ROS-0.3	internal/notifications/catalog_test.go
ros-ocp-backend	ROS-0.3	internal/notifications/mapping.go
ros-ocp-backend	ROS-0.3	internal/notifications/mapping_test.go
ros-ocp-backend	ROS-0.3	internal/notifications/names.go
ros-ocp-backend	ROS-0.1	internal/plugin/context.go
ros-ocp-backend	ROS-0.1	internal/plugin/dispatch.go
ros-ocp-backend	ROS-0.1	internal/plugin/phases.go
ros-ocp-backend	ROS-0.1	internal/plugin/plugin.go
ros-ocp-backend	ROS-0.1	internal/plugin/registry.go
ros-ocp-backend	ROS-0.1	internal/plugin/registry_test.go
ros-ocp-backend	ROS-4.1	internal/plugins/cluster-quota/plugin.go
ros-ocp-backend	ROS-4.1	internal/plugins/cluster-quota/plugin_test.go
ros-ocp-backend	ROS-1.2	internal/plugins/container/plugin.go
ros-ocp-backend	ROS-1.2	internal/plugins/container/plugin_test.go
ros-ocp-backend	ROS-0.1	internal/plugins/disabled_plugin_integration_test.go
ros-ocp-backend	ROS-0.1	internal/plugins/example/README.md
ros-ocp-backend	ROS-0.1	internal/plugins/example/plugin.go
ros-ocp-backend	ROS-0.1	internal/plugins/example/plugin_test.go
ros-ocp-backend	ROS-6.1	internal/plugins/gpu/plugin.go
ros-ocp-backend	ROS-6.1	internal/plugins/gpu/plugin_test.go
ros-ocp-backend	ROS-0.1	internal/plugins/kruize/README.md
ros-ocp-backend	ROS-0.1	internal/plugins/kruize/api_compat.go
ros-ocp-backend	ROS-0.1	internal/plugins/kruize/constants.go
ros-ocp-backend	ROS-0.1	internal/plugins/kruize/model.go
ros-ocp-backend	ROS-0.1	internal/plugins/kruize/plugin.go
ros-ocp-backend	ROS-0.1	internal/plugins/kruize/plugin_test.go
ros-ocp-backend	ROS-0.1	internal/plugins/kruize_registry_integration_test.go
ros-ocp-backend	ROS-2.1	internal/plugins/namespace/plugin.go
ros-ocp-backend	ROS-2.1	internal/plugins/namespace/plugin_test.go
ros-ocp-backend	ROS-3.1	internal/plugins/node/plugin.go
ros-ocp-backend	ROS-3.1	internal/plugins/node/plugin_test.go
ros-ocp-backend	ROS-0.1	internal/plugins/plugin_lifecycle_integration_test.go
ros-ocp-backend	ROS-0.1	internal/plugins/plugins.go
ros-ocp-backend	ROS-5.1	internal/plugins/pvc/plugin.go
ros-ocp-backend	ROS-5.1	internal/plugins/pvc/plugin_test.go
ros-ocp-backend	ROS-4.1	internal/plugins/quota/plugin.go
ros-ocp-backend	ROS-4.1	internal/plugins/quota/plugin_test.go
ros-ocp-backend	ROS-5.1	internal/plugins/snapshot/plugin.go
ros-ocp-backend	ROS-5.1	internal/plugins/snapshot/plugin_test.go
ros-ocp-backend	ROS-7.1	internal/plugins/vm/plugin.go
ros-ocp-backend	ROS-7.1	internal/plugins/vm/plugin_test.go
ros-ocp-backend	ROS-7.1	internal/plugins/vm/repository.go
ros-ocp-backend	ROS-0.10	internal/rbac/query_builder.go
ros-ocp-backend	ROS-0.10	internal/rbac/query_builder_test.go
ros-ocp-backend	ROS-8.1	internal/reship/bench_test.go
ros-ocp-backend	ROS-8.1	internal/reship/client.go
ros-ocp-backend	ROS-8.1	internal/reship/context.go
ros-ocp-backend	ROS-8.1	internal/reship/integration_test.go
ros-ocp-backend	ROS-8.1	internal/reship/lock.go
ros-ocp-backend	ROS-8.1	internal/reship/metrics.go
ros-ocp-backend	ROS-8.1	internal/reship/poller.go
ros-ocp-backend	ROS-8.1	internal/reship/provider_resolver.go
ros-ocp-backend	ROS-8.1	internal/reship/provider_resolver_test.go
ros-ocp-backend	ROS-8.1	internal/reship/reship_test.go
ros-ocp-backend	ROS-8.1	internal/reship/service.go
ros-ocp-backend	ROS-8.1	internal/reship/store.go
ros-ocp-backend	ROS-8.1	internal/reship/trigger.go
ros-ocp-backend	ROS-8.1	internal/reship/trigger_guard.go
ros-ocp-backend	ROS-8.1	internal/reship/trigger_guard_test.go
ros-ocp-backend	ROS-0.11	internal/services/housekeeper/analytics_cleanup_integration_test.go
ros-ocp-backend	ROS-0.11	internal/services/housekeeper/shutdown_test.go
ros-ocp-backend	ROS-0.11	internal/services/housekeeper/sourcesCleaner.go
ros-ocp-backend	ROS-0.11	internal/services/housekeeper/sourcesCleaner_test.go
ros-ocp-backend	ROS-0.11	internal/services/housekeeper/tablePartitionCleaner.go
ros-ocp-backend	ROS-0.7	internal/services/kafka_processing_errors.go
ros-ocp-backend	ROS-0.7	internal/services/kafka_retry.go
ros-ocp-backend	ROS-0.7	internal/services/kafka_retry_test.go
ros-ocp-backend	ROS-0.7	internal/services/manifest_recommendation_debouncer.go
ros-ocp-backend	ROS-0.7	internal/services/manifest_recommendation_debouncer_test.go
ros-ocp-backend	ROS-0.7	internal/services/manifest_recommendations.go
ros-ocp-backend	ROS-0.7	internal/services/manifest_recommendations_test.go
ros-ocp-backend	ROS-0.11	internal/services/metrics.go
ros-ocp-backend	ROS-0.7	internal/services/parallel_ingest.go
ros-ocp-backend	ROS-0.7	internal/services/parallel_ingest_test.go
ros-ocp-backend	ROS-0.7	internal/services/poison_message_log.go
ros-ocp-backend	ROS-0.7	internal/services/poison_message_log_test.go
ros-ocp-backend	ROS-0.11	internal/services/recommendation_poller.go
ros-ocp-backend	ROS-0.7	internal/services/report_file_tracker.go
ros-ocp-backend	ROS-0.7	internal/services/report_file_tracker_test.go
ros-ocp-backend	ROS-0.7	internal/services/report_processor.go
ros-ocp-backend	ROS-0.7	internal/services/report_processor_analytics_test.go
ros-ocp-backend	ROS-0.7	internal/services/report_processor_cost_test.go
ros-ocp-backend	ROS-0.7	internal/services/report_processor_fallback_test.go
ros-ocp-backend	ROS-0.7	internal/services/report_processor_hooks_test.go
ros-ocp-backend	ROS-0.7	internal/services/report_processor_test.go
ros-ocp-backend	ROS-0.7	internal/services/testmain_test.go
ros-ocp-backend	ROS-0.11	internal/services/utils.go
ros-ocp-backend	ROS-0.9	internal/tags/api_provider.go
ros-ocp-backend	ROS-0.9	internal/tags/auth.go
ros-ocp-backend	ROS-0.9	internal/tags/auth_config.go
ros-ocp-backend	ROS-0.9	internal/tags/auth_config_test.go
ros-ocp-backend	ROS-0.9	internal/tags/auth_test.go
ros-ocp-backend	ROS-0.9	internal/tags/db_provider.go
ros-ocp-backend	ROS-0.9	internal/tags/db_provider_test.go
ros-ocp-backend	ROS-0.9	internal/tags/provider.go
ros-ocp-backend	ROS-0.9	internal/tags/startup.go
ros-ocp-backend	ROS-0.9	internal/tags/sync.go
ros-ocp-backend	ROS-0.9	internal/tags/sync_test.go
ros-ocp-backend	ROS-0.9	internal/tags/validate.go
ros-ocp-backend	ROS-0.9	internal/tags/validate_test.go
ros-ocp-backend	ROS-0.9	internal/tags/verify.go
ros-ocp-backend	ROS-0.9	internal/tags/verify_test.go
ros-ocp-backend	ROS-0.11	internal/testutil/fixtures.go
ros-ocp-backend	ROS-0.11	internal/testutil/migrations.go
ros-ocp-backend	ROS-0.11	internal/testutil/testdb.go
ros-ocp-backend	ROS-0.7	internal/types/csvColumnMapping.go
ros-ocp-backend	ROS-0.7	internal/types/kafkaMsg.go
ros-ocp-backend	ROS-0.7	internal/types/workload/workload.go
ros-ocp-backend	ROS-0.7	internal/utils/aggregator_test.go
ros-ocp-backend	ROS-0.7	internal/utils/csv_security.go
ros-ocp-backend	ROS-0.7	internal/utils/csv_security_test.go
ros-ocp-backend	ROS-0.7	internal/utils/determine_csv_type_nise_test.go
ros-ocp-backend	ROS-0.7	internal/utils/determine_csv_type_test.go
ros-ocp-backend	ROS-0.10	internal/utils/kruize/kruize_api.go
ros-ocp-backend	ROS-0.10	internal/utils/sources/sources_api.go
ros-ocp-backend	ROS-0.7	internal/utils/utils.go
ros-ocp-backend	ROS-0.7	internal/utils/utils_test.go
ros-ocp-backend	ROS-0.1	macros.py
ros-ocp-backend	ROS-0.6	migrations/000011_delete_partition_function.down.sql
ros-ocp-backend	ROS-0.6	migrations/000011_delete_partition_function.up.sql
ros-ocp-backend	ROS-0.6	migrations/000024_create_daily_container_digests.down.sql
ros-ocp-backend	ROS-0.6	migrations/000024_create_daily_container_digests.up.sql
ros-ocp-backend	ROS-0.6	migrations/000025_create_daily_namespace_digests.down.sql
ros-ocp-backend	ROS-0.6	migrations/000025_create_daily_namespace_digests.up.sql
ros-ocp-backend	ROS-0.6	migrations/000025_namespace_recommendation_sets_current_request_numeric.up.sql
ros-ocp-backend	ROS-0.6	migrations/000026_create_recommendation_config_tables.down.sql
ros-ocp-backend	ROS-0.6	migrations/000026_create_recommendation_config_tables.up.sql
ros-ocp-backend	ROS-0.6	migrations/000027_create_notification_code_definitions.down.sql
ros-ocp-backend	ROS-0.6	migrations/000027_create_notification_code_definitions.up.sql
ros-ocp-backend	ROS-0.6	migrations/000028_alter_recommendation_sets_add_relational_columns.down.sql
ros-ocp-backend	ROS-0.6	migrations/000028_alter_recommendation_sets_add_relational_columns.up.sql
ros-ocp-backend	ROS-0.6	migrations/000029_create_recommendation_quality_and_history.down.sql
ros-ocp-backend	ROS-0.6	migrations/000029_create_recommendation_quality_and_history.up.sql
ros-ocp-backend	ROS-0.6	migrations/000030_add_container_id_to_recommendation_sets.down.sql
ros-ocp-backend	ROS-0.6	migrations/000030_add_container_id_to_recommendation_sets.up.sql
ros-ocp-backend	ROS-0.6	migrations/000031_create_container_usage_samples.down.sql
ros-ocp-backend	ROS-0.6	migrations/000031_create_container_usage_samples.up.sql
ros-ocp-backend	ROS-0.6	migrations/000032_add_native_namespace_columns.down.sql
ros-ocp-backend	ROS-0.6	migrations/000032_add_native_namespace_columns.up.sql
ros-ocp-backend	ROS-0.6	migrations/000033_add_namespace_percentiles_and_history.down.sql
ros-ocp-backend	ROS-0.6	migrations/000033_add_namespace_percentiles_and_history.up.sql
ros-ocp-backend	ROS-0.6	migrations/000034_add_namespace_memory_percentiles.down.sql
ros-ocp-backend	ROS-0.6	migrations/000034_add_namespace_memory_percentiles.up.sql
ros-ocp-backend	ROS-0.6	migrations/000035_create_namespace_usage_samples.down.sql
ros-ocp-backend	ROS-0.6	migrations/000035_create_namespace_usage_samples.up.sql
ros-ocp-backend	ROS-0.6	migrations/000036_relax_namespace_recommendation_sets_workload_id.down.sql
ros-ocp-backend	ROS-0.6	migrations/000036_relax_namespace_recommendation_sets_workload_id.up.sql
ros-ocp-backend	ROS-0.6	migrations/000037_add_container_memory_percentiles.down.sql
ros-ocp-backend	ROS-0.6	migrations/000037_add_container_memory_percentiles.up.sql
ros-ocp-backend	ROS-0.6	migrations/000038_add_variation_limit_columns.down.sql
ros-ocp-backend	ROS-0.6	migrations/000038_add_variation_limit_columns.up.sql
ros-ocp-backend	ROS-0.6	migrations/000039_add_pod_count_columns.down.sql
ros-ocp-backend	ROS-0.6	migrations/000039_add_pod_count_columns.up.sql
ros-ocp-backend	ROS-0.6	migrations/000040_add_no_cost_data_notification.down.sql
ros-ocp-backend	ROS-0.6	migrations/000040_add_no_cost_data_notification.up.sql
ros-ocp-backend	ROS-0.6	migrations/000041_alter_clusters_cluster_uuid_to_uuid.down.sql
ros-ocp-backend	ROS-0.6	migrations/000041_alter_clusters_cluster_uuid_to_uuid.up.sql
ros-ocp-backend	ROS-0.6	migrations/000042_create_gpu_container_digests.down.sql
ros-ocp-backend	ROS-0.6	migrations/000042_create_gpu_container_digests.up.sql
ros-ocp-backend	ROS-0.6	migrations/000043_add_gpu_digests_unique_constraint.down.sql
ros-ocp-backend	ROS-0.6	migrations/000043_add_gpu_digests_unique_constraint.up.sql
ros-ocp-backend	ROS-0.6	migrations/000044_add_node_to_gpu_digests.down.sql
ros-ocp-backend	ROS-0.6	migrations/000044_add_node_to_gpu_digests.up.sql
ros-ocp-backend	ROS-0.6	migrations/000045_gpu_digests_unique_add_model.down.sql
ros-ocp-backend	ROS-0.6	migrations/000045_gpu_digests_unique_add_model.up.sql
ros-ocp-backend	ROS-0.6	migrations/000046_add_recommendation_applied_at.down.sql
ros-ocp-backend	ROS-0.6	migrations/000046_add_recommendation_applied_at.up.sql
ros-ocp-backend	ROS-0.6	migrations/000047_create_pvc_tables.down.sql
ros-ocp-backend	ROS-0.6	migrations/000047_create_pvc_tables.up.sql
ros-ocp-backend	ROS-0.6	migrations/000048_add_pvc_notification_codes.down.sql
ros-ocp-backend	ROS-0.6	migrations/000048_add_pvc_notification_codes.up.sql
ros-ocp-backend	ROS-0.6	migrations/000049_create_snapshot_tables.down.sql
ros-ocp-backend	ROS-0.6	migrations/000049_create_snapshot_tables.up.sql
ros-ocp-backend	ROS-0.6	migrations/000050_add_snapshot_notification_codes.down.sql
ros-ocp-backend	ROS-0.6	migrations/000050_add_snapshot_notification_codes.up.sql
ros-ocp-backend	ROS-0.6	migrations/000051_add_gpu_timeslicing_notification_code.down.sql
ros-ocp-backend	ROS-0.6	migrations/000051_add_gpu_timeslicing_notification_code.up.sql
ros-ocp-backend	ROS-0.6	migrations/000052_create_daily_node_digests.down.sql
ros-ocp-backend	ROS-0.6	migrations/000052_create_daily_node_digests.up.sql
ros-ocp-backend	ROS-0.6	migrations/000053_create_node_recommendations.down.sql
ros-ocp-backend	ROS-0.6	migrations/000053_create_node_recommendations.up.sql
ros-ocp-backend	ROS-0.6	migrations/000054_add_node_notification_codes.down.sql
ros-ocp-backend	ROS-0.6	migrations/000054_add_node_notification_codes.up.sql
ros-ocp-backend	ROS-0.6	migrations/000055_add_replica_columns.down.sql
ros-ocp-backend	ROS-0.6	migrations/000055_add_replica_columns.up.sql
ros-ocp-backend	ROS-0.6	migrations/000056_recommendation_sets_add_current_request_columns.down.sql
ros-ocp-backend	ROS-0.6	migrations/000056_recommendation_sets_add_current_request_columns.up.sql
ros-ocp-backend	ROS-0.6	migrations/000057_namespace_recommendation_sets_current_request_numeric.down.sql
ros-ocp-backend	ROS-0.6	migrations/000057_namespace_recommendation_sets_current_request_numeric.up.sql
ros-ocp-backend	ROS-0.6	migrations/000058_node_recommendations_add_term.down.sql
ros-ocp-backend	ROS-0.6	migrations/000058_node_recommendations_add_term.up.sql
ros-ocp-backend	ROS-0.6	migrations/000059_scope_partition_function.down.sql
ros-ocp-backend	ROS-0.6	migrations/000059_scope_partition_function.up.sql
ros-ocp-backend	ROS-0.6	migrations/000060_ros_partitioned_parent_registry.down.sql
ros-ocp-backend	ROS-0.6	migrations/000060_ros_partitioned_parent_registry.up.sql
ros-ocp-backend	ROS-1.1	migrations/000061_add_native_list_indexes.down.sql
ros-ocp-backend	ROS-1.1	migrations/000061_add_native_list_indexes.up.sql
ros-ocp-backend	ROS-1.1	migrations/000062_recommendation_sets_add_has_gpu.down.sql
ros-ocp-backend	ROS-1.1	migrations/000062_recommendation_sets_add_has_gpu.up.sql
ros-ocp-backend	ROS-1.1	migrations/000063_recommendation_sets_add_gpu_metadata.down.sql
ros-ocp-backend	ROS-1.1	migrations/000063_recommendation_sets_add_gpu_metadata.up.sql
ros-ocp-backend	ROS-1.1	migrations/000064_pvc_recommendations_add_term.down.sql
ros-ocp-backend	ROS-1.1	migrations/000064_pvc_recommendations_add_term.up.sql
ros-ocp-backend	ROS-1.1	migrations/000065_org_recommendation_terms_add_type.down.sql
ros-ocp-backend	ROS-1.1	migrations/000065_org_recommendation_terms_add_type.up.sql
ros-ocp-backend	ROS-1.1	migrations/000066_create_business_hours_schedules.down.sql
ros-ocp-backend	ROS-1.1	migrations/000066_create_business_hours_schedules.up.sql
ros-ocp-backend	ROS-1.1	migrations/000067_add_schedule_type_to_digests.down.sql
ros-ocp-backend	ROS-1.1	migrations/000067_add_schedule_type_to_digests.up.sql
ros-ocp-backend	ROS-1.1	migrations/000068_container_usage_samples_pk_workload_type.down.sql
ros-ocp-backend	ROS-1.1	migrations/000068_container_usage_samples_pk_workload_type.up.sql
ros-ocp-backend	ROS-1.1	migrations/000069_add_reship_forward_only_since.down.sql
ros-ocp-backend	ROS-1.1	migrations/000069_add_reship_forward_only_since.up.sql
ros-ocp-backend	ROS-1.1	migrations/000070_add_node_pvc_savings_columns.down.sql
ros-ocp-backend	ROS-1.1	migrations/000070_add_node_pvc_savings_columns.up.sql
ros-ocp-backend	ROS-1.1	migrations/000071_node_recommendations_add_engine.down.sql
ros-ocp-backend	ROS-1.1	migrations/000071_node_recommendations_add_engine.up.sql
ros-ocp-backend	ROS-1.1	migrations/000072_node_recommendations_add_sizing_columns.down.sql
ros-ocp-backend	ROS-1.1	migrations/000072_node_recommendations_add_sizing_columns.up.sql
ros-ocp-backend	ROS-1.1	migrations/000073_create_recommendation_thresholds.down.sql
ros-ocp-backend	ROS-1.1	migrations/000073_create_recommendation_thresholds.up.sql
ros-ocp-backend	ROS-1.1	migrations/000074_savings_usd_to_cents.down.sql
ros-ocp-backend	ROS-1.1	migrations/000074_savings_usd_to_cents.up.sql
ros-ocp-backend	ROS-1.1	migrations/000075_gpu_digest_fixed_point.down.sql
ros-ocp-backend	ROS-1.1	migrations/000075_gpu_digest_fixed_point.up.sql
ros-ocp-backend	ROS-1.1	migrations/000076_digest_lookback_indexes.down.sql
ros-ocp-backend	ROS-1.1	migrations/000076_digest_lookback_indexes.up.sql
ros-ocp-backend	ROS-1.1	migrations/000077_cluster_threshold_recalc_state.down.sql
ros-ocp-backend	ROS-1.1	migrations/000077_cluster_threshold_recalc_state.up.sql
ros-ocp-backend	ROS-1.1	migrations/000078_keyset_pagination_indexes.down.sql
ros-ocp-backend	ROS-1.1	migrations/000078_keyset_pagination_indexes.up.sql
ros-ocp-backend	ROS-1.1	migrations/000079_explain_audit_indexes.down.sql
ros-ocp-backend	ROS-1.1	migrations/000079_explain_audit_indexes.up.sql
ros-ocp-backend	ROS-1.1	migrations/000080_explain_audit_plugin_indexes.down.sql
ros-ocp-backend	ROS-1.1	migrations/000080_explain_audit_plugin_indexes.up.sql
ros-ocp-backend	ROS-1.1	migrations/000081_create_org_container_keys.down.sql
ros-ocp-backend	ROS-1.1	migrations/000081_create_org_container_keys.up.sql
ros-ocp-backend	ROS-1.1	migrations/000082_create_org_tag_sync_metadata.down.sql
ros-ocp-backend	ROS-1.1	migrations/000082_create_org_tag_sync_metadata.up.sql
ros-ocp-backend	ROS-1.1	migrations/000083_add_idle_state_columns.down.sql
ros-ocp-backend	ROS-1.1	migrations/000083_add_idle_state_columns.up.sql
ros-ocp-backend	ROS-1.1	migrations/000084_add_gpu_idle_state.down.sql
ros-ocp-backend	ROS-1.1	migrations/000084_add_gpu_idle_state.up.sql
ros-ocp-backend	ROS-4.1	migrations/000085_quota_recommendations.down.sql
ros-ocp-backend	ROS-4.1	migrations/000085_quota_recommendations.up.sql
ros-ocp-backend	ROS-4.1	migrations/000086_namespace_quota_digest_columns.down.sql
ros-ocp-backend	ROS-4.1	migrations/000086_namespace_quota_digest_columns.up.sql
ros-ocp-backend	ROS-4.1	migrations/000087_cluster_quota_recommendations.down.sql
ros-ocp-backend	ROS-4.1	migrations/000087_cluster_quota_recommendations.up.sql
ros-ocp-backend	ROS-4.1	migrations/000088_daily_cluster_quota_digests.down.sql
ros-ocp-backend	ROS-4.1	migrations/000088_daily_cluster_quota_digests.up.sql
ros-ocp-backend	ROS-7.1	migrations/000089_vm_recommendations.down.sql
ros-ocp-backend	ROS-7.1	migrations/000089_vm_recommendations.up.sql
ros-ocp-backend	ROS-7.1	migrations/000090_add_vm_disk_growth_notification.down.sql
ros-ocp-backend	ROS-7.1	migrations/000090_add_vm_disk_growth_notification.up.sql
ros-ocp-backend	ROS-7.1	migrations/000091_add_vm_notification_codes.down.sql
ros-ocp-backend	ROS-7.1	migrations/000091_add_vm_notification_codes.up.sql
ros-ocp-backend	ROS-7.1	migrations/000092_cluster_instance_types.down.sql
ros-ocp-backend	ROS-7.1	migrations/000092_cluster_instance_types.up.sql
ros-ocp-backend	ROS-7.1	migrations/000093_vm_add_abandoned.down.sql
ros-ocp-backend	ROS-7.1	migrations/000093_vm_add_abandoned.up.sql
ros-ocp-backend	ROS-7.1	migrations/000094_cluster_vm_preferences_meta.down.sql
ros-ocp-backend	ROS-7.1	migrations/000094_cluster_vm_preferences_meta.up.sql
ros-ocp-backend	ROS-7.1	migrations/000095_vm_agent_sample_count.down.sql
ros-ocp-backend	ROS-7.1	migrations/000095_vm_agent_sample_count.up.sql
ros-ocp-backend	ROS-7.1	migrations/000096_vm_enhancements.down.sql
ros-ocp-backend	ROS-7.1	migrations/000096_vm_enhancements.up.sql
ros-ocp-backend	ROS-7.1	migrations/000097_vm_gpu_fields.down.sql
ros-ocp-backend	ROS-7.1	migrations/000097_vm_gpu_fields.up.sql
ros-ocp-backend	ROS-7.1	migrations/000098_vm_gpu_devices_and_time_slice.down.sql
ros-ocp-backend	ROS-7.1	migrations/000098_vm_gpu_devices_and_time_slice.up.sql
ros-ocp-backend	ROS-7.1	migrations/000099_vm_recommendation_history.down.sql
ros-ocp-backend	ROS-7.1	migrations/000099_vm_recommendation_history.up.sql
ros-ocp-backend	ROS-7.1	migrations/000100_vm_gpu_device_digests_table.down.sql
ros-ocp-backend	ROS-7.1	migrations/000100_vm_gpu_device_digests_table.up.sql
ros-ocp-backend	ROS-7.1	migrations/000101_sync_vm_notification_messages.down.sql
ros-ocp-backend	ROS-7.1	migrations/000101_sync_vm_notification_messages.up.sql
ros-ocp-backend	ROS-7.1	migrations/000102_vm_network_metrics.down.sql
ros-ocp-backend	ROS-7.1	migrations/000102_vm_network_metrics.up.sql
ros-ocp-backend	ROS-7.1	migrations/000103_vm_gpu_timeslice_production.down.sql
ros-ocp-backend	ROS-7.1	migrations/000103_vm_gpu_timeslice_production.up.sql
ros-ocp-backend	ROS-7.1	migrations/000104_vm_io_pattern.down.sql
ros-ocp-backend	ROS-7.1	migrations/000104_vm_io_pattern.up.sql
ros-ocp-backend	ROS-7.1	migrations/000105_vm_placement.down.sql
ros-ocp-backend	ROS-7.1	migrations/000105_vm_placement.up.sql
ros-ocp-backend	ROS-7.1	migrations/000106_vm_savings.down.sql
ros-ocp-backend	ROS-7.1	migrations/000106_vm_savings.up.sql
ros-ocp-backend	ROS-7.1	migrations/000107_vm_power_schedule.down.sql
ros-ocp-backend	ROS-7.1	migrations/000107_vm_power_schedule.up.sql
ros-ocp-backend	ROS-7.1	migrations/000108_vm_network_qos.down.sql
ros-ocp-backend	ROS-7.1	migrations/000108_vm_network_qos.up.sql
ros-ocp-backend	ROS-7.1	migrations/000109_vm_storage_tiering.down.sql
ros-ocp-backend	ROS-7.1	migrations/000109_vm_storage_tiering.up.sql
ros-ocp-backend	ROS-2.1	migrations/000110_namespace_recommendation_schedule_type.down.sql
ros-ocp-backend	ROS-2.1	migrations/000110_namespace_recommendation_schedule_type.up.sql
ros-ocp-backend	ROS-3.1	migrations/000111_add_node_idle_state.down.sql
ros-ocp-backend	ROS-3.1	migrations/000111_add_node_idle_state.up.sql
ros-ocp-backend	ROS-0.6	migrations/000112_reserved_sequence_placeholder.down.sql
ros-ocp-backend	ROS-0.6	migrations/000112_reserved_sequence_placeholder.up.sql
ros-ocp-backend	ROS-5.1	migrations/000113_fix_pvc_recommendation_term_unique.down.sql
ros-ocp-backend	ROS-5.1	migrations/000113_fix_pvc_recommendation_term_unique.up.sql
ros-ocp-backend	ROS-5.1	migrations/000114_add_pvc_last_seen_pod.down.sql
ros-ocp-backend	ROS-5.1	migrations/000114_add_pvc_last_seen_pod.up.sql
ros-ocp-backend	ROS-4.1	migrations/000115_add_quota_notification_codes.down.sql
ros-ocp-backend	ROS-4.1	migrations/000115_add_quota_notification_codes.up.sql
ros-ocp-backend	ROS-4.1	migrations/000116_quota_recommendation_history.down.sql
ros-ocp-backend	ROS-4.1	migrations/000116_quota_recommendation_history.up.sql
ros-ocp-backend	ROS-4.1	migrations/000117_cluster_quota_enhancements.down.sql
ros-ocp-backend	ROS-4.1	migrations/000117_cluster_quota_enhancements.up.sql
ros-ocp-backend	ROS-4.1	migrations/000118_cluster_quota_capacity_freed.down.sql
ros-ocp-backend	ROS-4.1	migrations/000118_cluster_quota_capacity_freed.up.sql
ros-ocp-backend	ROS-4.1	migrations/000119_add_daily_node_digest_pod_capacity.down.sql
ros-ocp-backend	ROS-4.1	migrations/000119_add_daily_node_digest_pod_capacity.up.sql
ros-ocp-backend	ROS-4.1	migrations/000120_add_node_pod_scheduling_notification.down.sql
ros-ocp-backend	ROS-4.1	migrations/000120_add_node_pod_scheduling_notification.up.sql
ros-ocp-backend	ROS-4.1	migrations/000121_fix_node_idle_notification_code_15.down.sql
ros-ocp-backend	ROS-4.1	migrations/000121_fix_node_idle_notification_code_15.up.sql
ros-ocp-backend	ROS-4.1	migrations/000122_add_node_fleet_consolidation_notification.down.sql
ros-ocp-backend	ROS-4.1	migrations/000122_add_node_fleet_consolidation_notification.up.sql
ros-ocp-backend	ROS-4.1	migrations/000123_add_node_suggested_instance_type.down.sql
ros-ocp-backend	ROS-4.1	migrations/000123_add_node_suggested_instance_type.up.sql
ros-ocp-backend	ROS-4.1	migrations/000124_add_pvc_vm_name.down.sql
ros-ocp-backend	ROS-4.1	migrations/000124_add_pvc_vm_name.up.sql
ros-ocp-backend	ROS-4.1	migrations/000125_namespace_quota_identity.down.sql
ros-ocp-backend	ROS-4.1	migrations/000125_namespace_quota_identity.up.sql
ros-ocp-backend	ROS-4.1	migrations/000126_quota_history_per_resource.down.sql
ros-ocp-backend	ROS-4.1	migrations/000126_quota_history_per_resource.up.sql
ros-ocp-backend	ROS-4.1	migrations/000127_quota_capacity_freed_storage_pods.down.sql
ros-ocp-backend	ROS-4.1	migrations/000127_quota_capacity_freed_storage_pods.up.sql
ros-ocp-backend	ROS-4.1	migrations/000128_snapshot_settings_inventory_fresh_hours.down.sql
ros-ocp-backend	ROS-4.1	migrations/000128_snapshot_settings_inventory_fresh_hours.up.sql
ros-ocp-backend	ROS-11.1	migrations/000129_recommendation_quality_engine.down.sql
ros-ocp-backend	ROS-11.1	migrations/000129_recommendation_quality_engine.up.sql
ros-ocp-backend	ROS-5.1	migrations/000130_pvc_idle_columns.down.sql
ros-ocp-backend	ROS-5.1	migrations/000130_pvc_idle_columns.up.sql
ros-ocp-backend	ROS-11.1	migrations/000131_recommendation_quality_list_index.down.sql
ros-ocp-backend	ROS-11.1	migrations/000131_recommendation_quality_list_index.up.sql
ros-ocp-backend	ROS-4.1	migrations/000132_cluster_quota_savings_to_cents.down.sql
ros-ocp-backend	ROS-4.1	migrations/000132_cluster_quota_savings_to_cents.up.sql
ros-ocp-backend	ROS-3.1	migrations/000133_add_node_confidence_level.down.sql
ros-ocp-backend	ROS-3.1	migrations/000133_add_node_confidence_level.up.sql
ros-ocp-backend	ROS-10.1	migrations/000134_keyset_quota_vm_machineset_indexes.down.sql
ros-ocp-backend	ROS-10.1	migrations/000134_keyset_quota_vm_machineset_indexes.up.sql
ros-ocp-backend	ROS-7.1	migrations/000135_vm_savings_to_cents.down.sql
ros-ocp-backend	ROS-7.1	migrations/000135_vm_savings_to_cents.up.sql
ros-ocp-backend	ROS-6.1	migrations/000136_gpu_savings_persistence.down.sql
ros-ocp-backend	ROS-6.1	migrations/000136_gpu_savings_persistence.up.sql
ros-ocp-backend	ROS-9.1	migrations/000137_rename_savings_usd_columns.down.sql
ros-ocp-backend	ROS-9.1	migrations/000137_rename_savings_usd_columns.up.sql
ros-ocp-backend	ROS-5.1	migrations/000138_snapshot_cost_to_cents.down.sql
ros-ocp-backend	ROS-5.1	migrations/000138_snapshot_cost_to_cents.up.sql
ros-ocp-backend	ROS-5.1	migrations/000139_snapshot_keyset_index.down.sql
ros-ocp-backend	ROS-5.1	migrations/000139_snapshot_keyset_index.up.sql
ros-ocp-backend	ROS-0.7	migrations/000140_report_file_status.down.sql
ros-ocp-backend	ROS-0.7	migrations/000140_report_file_status.up.sql
ros-ocp-backend	ROS-0.7	migrations/000141_cluster_analytics_incomplete.down.sql
ros-ocp-backend	ROS-0.7	migrations/000141_cluster_analytics_incomplete.up.sql
ros-ocp-backend	ROS-0.7	migrations/000142_cluster_ingest_hooks_failed.down.sql
ros-ocp-backend	ROS-0.7	migrations/000142_cluster_ingest_hooks_failed.up.sql
ros-ocp-backend	ROS-0.7	migrations/000143_add_sparse_data_notification.down.sql
ros-ocp-backend	ROS-0.7	migrations/000143_add_sparse_data_notification.up.sql
ros-ocp-backend	ROS-0.7	migrations/000144_autovacuum_upsert_tables.down.sql
ros-ocp-backend	ROS-0.7	migrations/000144_autovacuum_upsert_tables.up.sql
ros-ocp-backend	ROS-6.1	migrations/000145_node_gpu_timeslicing_recommendations.down.sql
ros-ocp-backend	ROS-6.1	migrations/000145_node_gpu_timeslicing_recommendations.up.sql
ros-ocp-backend	ROS-0.3	migrations/000146_recommendation_explanation_columns.down.sql
ros-ocp-backend	ROS-0.3	migrations/000146_recommendation_explanation_columns.up.sql
ros-ocp-backend	ROS-0.3	migrations/000147_add_expl_mem_floor_applied.down.sql
ros-ocp-backend	ROS-0.3	migrations/000147_add_expl_mem_floor_applied.up.sql
ros-ocp-backend	ROS-1.2	migrations/000148_add_cpu_memory_savings_breakdown.down.sql
ros-ocp-backend	ROS-1.2	migrations/000148_add_cpu_memory_savings_breakdown.up.sql
ros-ocp-backend	ROS-2.1	migrations/000149_namespace_savings_columns.down.sql
ros-ocp-backend	ROS-2.1	migrations/000149_namespace_savings_columns.up.sql
ros-ocp-backend	ROS-2.1	migrations/000150_namespace_idle_waste_columns.down.sql
ros-ocp-backend	ROS-2.1	migrations/000150_namespace_idle_waste_columns.up.sql
ros-ocp-backend	ROS-0.7	migrations/000151_workload_type_enum_to_text.down.sql
ros-ocp-backend	ROS-0.7	migrations/000151_workload_type_enum_to_text.up.sql
ros-ocp-backend	ROS-0.7	migrations/000152_normalize_workload_type_lowercase.down.sql
ros-ocp-backend	ROS-0.7	migrations/000152_normalize_workload_type_lowercase.up.sql
ros-ocp-backend	ROS-2.1	migrations/000153_create_org_namespace_keys.down.sql
ros-ocp-backend	ROS-2.1	migrations/000153_create_org_namespace_keys.up.sql
ros-ocp-backend	ROS-1.1	migrations/000154_add_is_stale_to_org_container_keys.down.sql
ros-ocp-backend	ROS-1.1	migrations/000154_add_is_stale_to_org_container_keys.up.sql
ros-ocp-backend	ROS-0.2	migrations/000155_add_recommendation_category.down.sql
ros-ocp-backend	ROS-0.2	migrations/000155_add_recommendation_category.up.sql
ros-ocp-backend	ROS-7.1	migrations/000156_hourly_vm_digests.down.sql
ros-ocp-backend	ROS-7.1	migrations/000156_hourly_vm_digests.up.sql
ros-ocp-backend	ROS-3.1	migrations/000157_hourly_node_digests.down.sql
ros-ocp-backend	ROS-3.1	migrations/000157_hourly_node_digests.up.sql
ros-ocp-backend	ROS-1.2	migrations/000158_replica_optimization.down.sql
ros-ocp-backend	ROS-1.2	migrations/000158_replica_optimization.up.sql
ros-ocp-backend	ROS-5.1	migrations/000159_pvc_recommendation_quality.down.sql
ros-ocp-backend	ROS-5.1	migrations/000159_pvc_recommendation_quality.up.sql
ros-ocp-backend	ROS-7.1	migrations/000160_vm_recommendation_quality.down.sql
ros-ocp-backend	ROS-7.1	migrations/000160_vm_recommendation_quality.up.sql
ros-ocp-backend	ROS-6.1	migrations/000161_gpu_mig_recommendation_quality.down.sql
ros-ocp-backend	ROS-6.1	migrations/000161_gpu_mig_recommendation_quality.up.sql
ros-ocp-backend	ROS-5.1	migrations/000162_snapshot_recommendation_quality.down.sql
ros-ocp-backend	ROS-5.1	migrations/000162_snapshot_recommendation_quality.up.sql
ros-ocp-backend	ROS-3.1	migrations/000163_add_node_digest_max_columns.down.sql
ros-ocp-backend	ROS-3.1	migrations/000163_add_node_digest_max_columns.up.sql
ros-ocp-backend	ROS-1.2	migrations/000164_add_cpu_usage_cv_bp.down.sql
ros-ocp-backend	ROS-1.2	migrations/000164_add_cpu_usage_cv_bp.up.sql
ros-ocp-backend	ROS-6.1	migrations/000165_gpu_mig_recommendation_sets.down.sql
ros-ocp-backend	ROS-6.1	migrations/000165_gpu_mig_recommendation_sets.up.sql
ros-ocp-backend	ROS-3.1	migrations/000166_add_node_gpu_count.down.sql
ros-ocp-backend	ROS-3.1	migrations/000166_add_node_gpu_count.up.sql
ros-ocp-backend	ROS-6.1	migrations/000167_add_gpu_container_gpu_count.down.sql
ros-ocp-backend	ROS-6.1	migrations/000167_add_gpu_container_gpu_count.up.sql
ros-ocp-backend	ROS-0.6	migrations/000168_autovacuum_high_write_tables.down.sql
ros-ocp-backend	ROS-0.6	migrations/000168_autovacuum_high_write_tables.up.sql
ros-ocp-backend	ROS-6.1	migrations/000169_idx_timeslicing_crossref.down.sql
ros-ocp-backend	ROS-6.1	migrations/000169_idx_timeslicing_crossref.up.sql
ros-ocp-backend	ROS-4.1	migrations/000170_add_quota_id_to_quota_recommendation_sets.down.sql
ros-ocp-backend	ROS-4.1	migrations/000170_add_quota_id_to_quota_recommendation_sets.up.sql
ros-ocp-backend	ROS-11.1	migrations/000171_relax_quality_autovacuum.down.sql
ros-ocp-backend	ROS-11.1	migrations/000171_relax_quality_autovacuum.up.sql
ros-ocp-backend	ROS-0.6	migrations/000172_drop_usage_sample_tables.down.sql
ros-ocp-backend	ROS-0.6	migrations/000172_drop_usage_sample_tables.up.sql
ros-ocp-backend	ROS-0.6	migrations/000173_idx_digest_recommend_covering.down.sql
ros-ocp-backend	ROS-0.6	migrations/000173_idx_digest_recommend_covering.up.sql
ros-ocp-backend	ROS-5.1	migrations/000174_idx_snapshot_cost_by_type.down.sql
ros-ocp-backend	ROS-5.1	migrations/000174_idx_snapshot_cost_by_type.up.sql
ros-ocp-backend	ROS-0.6	migrations/000175_tune_quota_vm_autovacuum.down.sql
ros-ocp-backend	ROS-0.6	migrations/000175_tune_quota_vm_autovacuum.up.sql
ros-ocp-backend	ROS-7.1	migrations/000176_vm_category_column.down.sql
ros-ocp-backend	ROS-7.1	migrations/000176_vm_category_column.up.sql
ros-ocp-backend	ROS-1.1	migrations/000177_container_category_backfill.down.sql
ros-ocp-backend	ROS-1.1	migrations/000177_container_category_backfill.up.sql
ros-ocp-backend	ROS-2.1	migrations/000178_namespace_category_backfill.down.sql
ros-ocp-backend	ROS-2.1	migrations/000178_namespace_category_backfill.up.sql
ros-ocp-backend	ROS-3.1	migrations/000179_node_category.down.sql
ros-ocp-backend	ROS-3.1	migrations/000179_node_category.up.sql
ros-ocp-backend	ROS-7.1	migrations/000180_vm_pvc_digests.down.sql
ros-ocp-backend	ROS-7.1	migrations/000180_vm_pvc_digests.up.sql
ros-ocp-backend	ROS-0.6	migrations/README.md
ros-ocp-backend	ROS-0.1	mkdocs.yml
ros-ocp-backend	ROS-0.10	openapi.json
ros-ocp-backend	ROS-0.11	scripts/direct_to_minio.py
ros-ocp-backend	ROS-0.6	scripts/explain-audit/main.go
ros-ocp-backend	ROS-0.6	scripts/explain-audit/seed.sql
ros-ocp-backend	ROS-1.5.2	scripts/gen_benchmark_config.py
ros-ocp-backend	ROS-0.4	scripts/generate-decay-charts.py
ros-ocp-backend	ROS-0.1	scripts/generate-docs.sh
ros-ocp-backend	ROS-0.6	scripts/lint-migrations.sh
ros-ocp-backend	ROS-0.6	scripts/lint_migrations_test.go
ros-ocp-backend	ROS-0.10	scripts/sync_openapi_audit.py
koku-metrics-operator	OP-1.1	api/v1beta1/metricsconfig_types.go
koku-metrics-operator	OP-1.1	api/v1beta1/zz_generated.deepcopy.go
koku-metrics-operator	OP-1.1	config/crd/bases/costmanagement-metrics-cfg.openshift.io_costmanagementmetricsconfigs.yaml
koku-metrics-operator	OP-1.1	config/rbac/role.yaml
koku-metrics-operator	OP-6.1	docs/architecture-gpu-vm.md
koku-metrics-operator	OP-1.1	docs/architecture.md
koku-metrics-operator	OP-1.1	docs/design/partial-prometheus-failure-handling.md
koku-metrics-operator	OP-1.1	docs/report-fields-description.md
koku-metrics-operator	OP-1.2	internal/collector/cluster_instance_types.go
koku-metrics-operator	OP-1.2	internal/collector/cluster_instance_types_test.go
koku-metrics-operator	OP-4.1	internal/collector/cluster_quota_namespaces.go
koku-metrics-operator	OP-4.1	internal/collector/cluster_quota_namespaces_test.go
koku-metrics-operator	OP-1.1	internal/collector/collector.go
koku-metrics-operator	OP-1.1	internal/collector/collector_test.go
koku-metrics-operator	OP-7.1	internal/collector/kubevirt.go
koku-metrics-operator	OP-7.1	internal/collector/kubevirt_test.go
koku-metrics-operator	OP-2.1	internal/collector/namespace_merge.go
koku-metrics-operator	OP-3.1	internal/collector/node_alloc_cap_queries.go
koku-metrics-operator	OP-1.2	internal/collector/node_instance_type_test.go
koku-metrics-operator	OP-10.1	internal/collector/node_machineset_name.go
koku-metrics-operator	OP-10.1	internal/collector/node_machineset_name_test.go
koku-metrics-operator	OP-1.1	internal/collector/prometheus.go
koku-metrics-operator	OP-1.1	internal/collector/queries.go
koku-metrics-operator	OP-4.1	internal/collector/quota_cluster_queries.go
koku-metrics-operator	OP-4.1	internal/collector/quota_cluster_test.go
koku-metrics-operator	OP-2.1	internal/collector/quota_namespace_queries.go
koku-metrics-operator	OP-2.1	internal/collector/quota_namespace_test.go
koku-metrics-operator	OP-1.3	internal/collector/replica_queries_test.go
koku-metrics-operator	OP-5.1	internal/collector/snapshot.go
koku-metrics-operator	OP-5.1	internal/collector/snapshot_test.go
koku-metrics-operator	OP-5.1	internal/collector/snapshot_types.go
koku-metrics-operator	OP-5.1	internal/collector/storage_vm_name.go
koku-metrics-operator	OP-5.1	internal/collector/storage_vm_name_test.go
koku-metrics-operator	OP-4.1	internal/collector/test_files/expected_cluster_quota_reports/ros-openshift-cluster-quota-202011.csv
koku-metrics-operator	OP-1.1	internal/collector/test_files/expected_reports/cm-openshift-node-usage-202011.csv
koku-metrics-operator	OP-5.1	internal/collector/test_files/expected_reports/cm-openshift-storage-usage-202011.csv
koku-metrics-operator	OP-1.1	internal/collector/test_files/expected_reports/ros-openshift-container-202011.csv
koku-metrics-operator	OP-1.1	internal/collector/test_files/expected_reports/ros-openshift-namespace-202011.csv
koku-metrics-operator	OP-6.1	internal/collector/test_files/test_data/accelerator-frame-buffer-usage-avg
koku-metrics-operator	OP-6.1	internal/collector/test_files/test_data/accelerator-frame-buffer-usage-max
koku-metrics-operator	OP-6.1	internal/collector/test_files/test_data/accelerator-frame-buffer-usage-min
koku-metrics-operator	OP-1.3	internal/collector/test_files/test_data/available-replicas
koku-metrics-operator	OP-4.1	internal/collector/test_files/test_data/cluster-quota-hard
koku-metrics-operator	OP-4.1	internal/collector/test_files/test_data/cluster-quota-used
koku-metrics-operator	OP-2.1	internal/collector/test_files/test_data/cpu-limit-namespace-sum
koku-metrics-operator	OP-2.1	internal/collector/test_files/test_data/cpu-limit-namespace-used
koku-metrics-operator	OP-2.1	internal/collector/test_files/test_data/cpu-request-namespace-sum
koku-metrics-operator	OP-2.1	internal/collector/test_files/test_data/cpu-request-namespace-used
koku-metrics-operator	OP-1.3	internal/collector/test_files/test_data/desired-replicas
koku-metrics-operator	OP-6.1	internal/collector/test_files/test_data/dram-active-avg
koku-metrics-operator	OP-6.1	internal/collector/test_files/test_data/dram-active-max
koku-metrics-operator	OP-6.1	internal/collector/test_files/test_data/dram-active-min
koku-metrics-operator	OP-2.1	internal/collector/test_files/test_data/memory-limit-namespace-sum
koku-metrics-operator	OP-2.1	internal/collector/test_files/test_data/memory-limit-namespace-used
koku-metrics-operator	OP-2.1	internal/collector/test_files/test_data/memory-request-namespace-sum
koku-metrics-operator	OP-2.1	internal/collector/test_files/test_data/memory-request-namespace-used
koku-metrics-operator	OP-2.1	internal/collector/test_files/test_data/namespace-quota-hard
koku-metrics-operator	OP-2.1	internal/collector/test_files/test_data/namespace-quota-used
koku-metrics-operator	OP-3.1	internal/collector/test_files/test_data/node-allocatable
koku-metrics-operator	OP-6.1	internal/collector/test_files/test_data/node-allocatable-gpu-count
koku-metrics-operator	OP-3.1	internal/collector/test_files/test_data/node-capacity
koku-metrics-operator	OP-10.1	internal/collector/test_files/test_data/node-capacity-pods
koku-metrics-operator	OP-2.1	internal/collector/test_files/test_data/object-count-namespace-hard
koku-metrics-operator	OP-2.1	internal/collector/test_files/test_data/object-count-namespace-used
koku-metrics-operator	OP-1.1	internal/collector/test_files/test_data/oom-count-container-sum
koku-metrics-operator	OP-2.1	internal/collector/test_files/test_data/pods-namespace-hard
koku-metrics-operator	OP-2.1	internal/collector/test_files/test_data/pods-namespace-used
koku-metrics-operator	OP-6.1	internal/collector/test_files/test_data/sm-active-avg
koku-metrics-operator	OP-6.1	internal/collector/test_files/test_data/sm-active-max
koku-metrics-operator	OP-6.1	internal/collector/test_files/test_data/sm-active-min
koku-metrics-operator	OP-5.1	internal/collector/test_files/test_data/storage-request-namespace-hard
koku-metrics-operator	OP-5.1	internal/collector/test_files/test_data/storage-request-namespace-used
koku-metrics-operator	OP-6.1	internal/collector/test_files/test_data/tensor-pipe-active-avg
koku-metrics-operator	OP-6.1	internal/collector/test_files/test_data/tensor-pipe-active-max
koku-metrics-operator	OP-6.1	internal/collector/test_files/test_data/tensor-pipe-active-min
koku-metrics-operator	OP-7.1	internal/collector/test_files/test_data/vm-ros-sample
koku-metrics-operator	OP-1.1	internal/collector/test_files/test_data/workload-pod-count
koku-metrics-operator	OP-1.1	internal/collector/types.go
koku-metrics-operator	OP-1.1	internal/collector/types_test.go
koku-metrics-operator	OP-1.1	internal/collector/vm_collector.go
koku-metrics-operator	OP-1.1	internal/collector/vm_collector_test.go
koku-metrics-operator	OP-6.1	internal/collector/vm_gpu_collector.go
koku-metrics-operator	OP-6.1	internal/collector/vm_gpu_collector_test.go
koku-metrics-operator	OP-6.1	internal/collector/vm_gpu_device_collector.go
koku-metrics-operator	OP-6.1	internal/collector/vm_gpu_device_collector_test.go
koku-metrics-operator	OP-7.1	internal/collector/vm_pod_vmi_labels.go
koku-metrics-operator	OP-1.1	internal/collector/vm_pvc_collector.go
koku-metrics-operator	OP-1.1	internal/collector/vm_pvc_collector_test.go
koku-metrics-operator	OP-6.1	internal/collector/vm_ros_gpu_queries.go
koku-metrics-operator	OP-7.2	internal/collector/vm_ros_pvc_queries.go
koku-metrics-operator	OP-7.2	internal/collector/vm_ros_pvc_queries_test.go
koku-metrics-operator	OP-1.1	internal/collector/vm_ros_queries.go
koku-metrics-operator	OP-7.1	internal/collector/vm_ros_queries_test.go
koku-metrics-operator	OP-1.1	internal/controller/costmanagementmetricsconfig_controller.go
koku-metrics-operator	OP-1.1	internal/controller/costmanagementmetricsconfig_controller_test.go
koku-metrics-operator	OP-1.1	internal/controller/prometheus.go
koku-metrics-operator	OP-1.1	internal/packaging/packaging.go
koku	KOKU-1.1	.env.example
koku	SKIP	AGENTS.md
koku	KOKU-1.1	docs/architecture/README.md
koku	KOKU-1.1	docs/architecture/csv-processing-ocp.md
koku	KOKU-1.1	docs/architecture/ros-ocp-integration.md
koku	KOKU-1.1	koku/api/apps.py
koku	KOKU-1.1	koku/api/iam/serializers.py
koku	KOKU-6.1	koku/api/iam/test/test_serializers.py
koku	KOKU-6.1	koku/api/report/ocp/provider_map.py
koku	KOKU-6.1	koku/api/report/ocp/serializers.py
koku	KOKU-6.1	koku/api/report/test/ocp/test_serializers.py
koku	KOKU-6.1	koku/api/report/test/ocp/view/test_gpu_view.py
koku	KOKU-8.1	koku/api/settings/tags/mapping/view.py
koku	KOKU-8.1	koku/api/settings/tags/view.py
koku	KOKU-8.1	koku/api/settings/test/tags/test_ros_tag_sync_trigger.py
koku	KOKU-8.1	koku/koku/celery.py
koku	KOKU-1.1	koku/koku/dev_middleware.py
koku	KOKU-1.1	koku/koku/middleware.py
koku	KOKU-1.1	koku/koku/settings.py
koku	KOKU-2.1	koku/masu/api/effective_rates.py
koku	KOKU-9.1	koku/masu/api/exchange_rate.py
koku	KOKU-8.1	koku/masu/api/reship_ros.py
koku	KOKU-2.1	koku/masu/api/urls.py
koku	KOKU-9.1	koku/masu/api/user_currency.py
koku	KOKU-2.1	koku/masu/api/views.py
koku	KOKU-1.1	koku/masu/external/kafka_msg_handler.py
koku	KOKU-8.1	koku/masu/external/ros_report_shipper.py
koku	KOKU-6.1	koku/masu/processor/ocp/ocp_cost_model_cost_updater.py
koku	KOKU-1.1	koku/masu/processor/ocp/ocp_report_parquet_processor.py
koku	KOKU-8.1	koku/masu/processor/ros_savings_recalc.py
koku	KOKU-8.1	koku/masu/processor/ros_tag_sync.py
koku	KOKU-8.1	koku/masu/processor/tasks.py
koku	KOKU-2.1	koku/masu/test/api/test_effective_rates.py
koku	KOKU-9.1	koku/masu/test/api/test_exchange_rate.py
koku	KOKU-8.1	koku/masu/test/api/test_reship_ros.py
koku	KOKU-9.1	koku/masu/test/api/test_user_currency.py
koku	KOKU-1.1	koku/masu/test/external/test_kafka_msg_handler.py
koku	KOKU-8.1	koku/masu/test/external/test_ros_report_shipper.py
koku	KOKU-1.1	koku/masu/test/processor/ocp/test_ocp_report_parquet_processor.py
koku	KOKU-8.1	koku/masu/test/processor/test_ros_savings_recalc.py
koku	KOKU-8.1	koku/masu/test/processor/test_ros_tag_sync.py
koku	KOKU-1.1	koku/masu/test/util/ocp/test_common.py
koku	KOKU-1.1	koku/masu/util/ocp/common.py
koku	KOKU-1.1	koku/masu/util/ocp/ocp_post_processor.py
koku	KOKU-6.1	koku/reporting/migrations/0352_ocpgpuusagelineitem_gpu_pod_utilization.py
koku	KOKU-6.1	koku/reporting/migrations/0353_merge_0352_gpu_and_rtu.py
koku	KOKU-1.1	koku/reporting/provider/ocp/self_hosted_models.py
koku	KOKU-8.1	koku/sources/api/serializers.py
koku	KOKU-1.1	koku/sources/kafka_message_processor.py
nise	NISE-1.1	.gitignore
nise	NISE-1.1	Pipfile
nise	NISE-1.1	README.md
nise	NISE-7.1	docs/ocp_vm_generator.md
nise	NISE-1.1	example_ocp_static_data.yml
nise	NISE-1.1	examples/ocp_domain/ocp_static_data.yml
nise	NISE-1.1	examples/ocp_dual_engine/README.md
nise	NISE-1.1	examples/ocp_dual_engine/ocp_static_data.yml
nise	NISE-3.1	examples/ocp_node_recommendations/ocp_node_diversity_static_data.yml
nise	NISE-1.1	examples/ocp_on_azure/azure_static_data-eulisa.yml
nise	NISE-1.1	examples/ocp_on_azure/ocp_static_data-eulisa.yml
nise	NISE-7.1	examples/ocp_vm/vm_static_data.yml
nise	NISE-7.1	examples/ocp_vm_recommendations/vm_static_data.yml
nise	NISE-1.1	examples/ros_ocp/generate_ros_data.sh
nise	NISE-1.1	examples/ros_ocp/ocp_static_data.yml
nise	NISE-1.1	examples/ros_ocp/postprocess_ros_csvs.py
nise	NISE-1.1	examples/ros_ocp_e2e/README.md
nise	NISE-6.1	examples/ros_ocp_e2e/ocp_ai_workloads_template.yml
nise	NISE-1.1	examples/ros_ocp_e2e/ocp_random_cpu_for_eap_report.yml
nise	NISE-1.1	examples/ros_ocp_e2e/ocp_report_0_template.yml
nise	NISE-1.1	examples/ros_ocp_e2e/ocp_report_1.yml
nise	NISE-1.1	examples/ros_ocp_e2e/ocp_report_2.yml
nise	NISE-1.1	examples/ros_ocp_e2e/ocp_report_7.yml
nise	NISE-1.1	examples/ros_ocp_e2e/ocp_report_advanced.yml
nise	NISE-1.1	examples/ros_ocp_e2e/ocp_report_advanced_daily.yml
nise	NISE-1.1	examples/ros_ocp_e2e/ocp_report_business_hours.yml
nise	NISE-4.1	examples/ros_ocp_e2e/ocp_report_cluster_quota.yml
nise	NISE-1.1	examples/ros_ocp_e2e/ocp_report_daily_flow_template.yml
nise	NISE-1.1	examples/ros_ocp_e2e/ocp_report_distro.yml
nise	NISE-1.1	examples/ros_ocp_e2e/ocp_report_forecast_const.yml
nise	NISE-1.1	examples/ros_ocp_e2e/ocp_report_forecast_outlier.yml
nise	NISE-1.1	examples/ros_ocp_e2e/ocp_report_gpu_combined.yml
nise	NISE-1.1	examples/ros_ocp_e2e/ocp_report_gpu_mig.yml
nise	NISE-1.1	examples/ros_ocp_e2e/ocp_report_gpu_mig_ros.yml
nise	NISE-1.1	examples/ros_ocp_e2e/ocp_report_gpu_timeslicing.yml
nise	NISE-1.1	examples/ros_ocp_e2e/ocp_report_missing_items.yml
nise	NISE-3.1	examples/ros_ocp_e2e/ocp_report_node_idle_consolidation.yml
nise	NISE-1.1	examples/ros_ocp_e2e/ocp_report_pvc_rightsizing.yml
nise	NISE-2.1	examples/ros_ocp_e2e/ocp_report_quota.yml
nise	NISE-1.1	examples/ros_ocp_e2e/ocp_report_ros_0.yml
nise	NISE-1.1	examples/ros_ocp_e2e/ocp_report_snapshot_classification.yml
nise	NISE-1.1	examples/ros_ocp_e2e/ocp_report_vm.yml
nise	NISE-1.1	examples/ros_ocp_e2e/ocp_report_vm_enhancements.yml
nise	NISE-1.1	examples/ros_ocp_e2e/ocp_report_vm_enhancements_64_69.yml
nise	NISE-1.1	examples/ros_ocp_e2e/ocp_report_vm_gpu.yml
nise	NISE-1.1	examples/ros_ocp_e2e/ocp_report_vm_gpu_timeslicing.yml
nise	NISE-1.1	examples/ros_ocp_e2e/ocp_report_vm_io_profiling.yml
nise	NISE-1.1	examples/ros_ocp_e2e/ocp_report_vm_mvp_promotions.yml
nise	NISE-1.1	examples/ros_ocp_e2e/ocp_report_vm_network.yml
nise	NISE-1.1	examples/ros_ocp_e2e/ocp_report_vm_notifications.yml
nise	NISE-1.1	examples/ros_ocp_e2e/ocp_report_vm_placement.yml
nise	NISE-1.1	examples/ros_ocp_e2e/today_ocp_report_0.yml
nise	NISE-1.1	examples/ros_ocp_e2e/today_ocp_report_1.yml
nise	NISE-1.1	examples/ros_ocp_e2e/today_ocp_report_2.yml
nise	NISE-1.1	examples/ros_ocp_e2e/today_ocp_report_fractional_vm_template.yml
nise	NISE-1.1	examples/ros_ocp_e2e/today_ocp_report_multiple_nodes.yml
nise	NISE-1.1	examples/ros_ocp_e2e/today_ocp_report_multiple_nodes_projects.yml
nise	NISE-3.1	examples/ros_ocp_e2e/today_ocp_report_node.yml
nise	NISE-1.1	examples/ros_ocp_e2e/today_ocp_report_tiers_0.yml
nise	NISE-1.1	examples/ros_ocp_e2e/today_ocp_report_tiers_1.yml
nise	NISE-1.1	examples/ros_ocp_seeding/README.md
nise	NISE-4.1	examples/ros_ocp_seeding/seed_cluster_quota.yml
nise	NISE-1.1	examples/ros_ocp_seeding/seed_container.yml
nise	NISE-1.1	examples/ros_ocp_seeding/seed_domain.yml
nise	NISE-1.1	examples/ros_ocp_seeding/seed_gpu.yml
nise	NISE-1.1	examples/ros_ocp_seeding/seed_pvc.yml
nise	NISE-1.1	nise/generators/ocp/__init__.py
nise	NISE-6.1	nise/generators/ocp/gpu_models.py
nise	NISE-1.1	nise/generators/ocp/ocp_generator.py
nise	NISE-7.1	nise/generators/ocp/ocp_vm_ros_generator.py
nise	NISE-1.1	nise/report.py
nise	NISE-1.1	pyproject.toml
nise	NISE-1.1	tests/test_ocp_generator.py
nise	NISE-7.1	tests/test_ocp_vm_ros_generator.py
nise	NISE-1.1	tests/test_report.py
koku-ui	UI-REFERENCE	".join(cycle)}\")\n    # Show which nodes in cycle have const default\n    for node in cycle[:-1]:\n        if node in const_set:\n            print(f\"    ^ Module {node} has const __WEBPACK_DEFAULT_EXPORT__\")\n\nPYEOF"
koku-ui	UI-REFERENCE	".join(str(m) for m in c)}\\\")\n\"\n"
koku-ui	UI-REFERENCE	".join(str(x) for x in cycle)}\")\n\nif cycles_found == 0:\n    print(\"  No cycles found involving default export modules!\")\nelse:\n    print(f\"\\n  Total cycles found: {cycles_found}\")\nSCRIPT"
koku-ui	UI-REFERENCE	.github/workflows/cypress.yml
koku-ui	UI-REFERENCE	.tekton/koku-ui-hccm-pull-request.yaml
koku-ui	UI-REFERENCE	.tekton/koku-ui-hccm-push.yaml
koku-ui	UI-REFERENCE	.tekton/koku-ui-ros-pull-request.yaml
koku-ui	UI-REFERENCE	.tekton/koku-ui-ros-push.yaml
koku-ui	UI-REFERENCE	CHANGELOG.md
koku-ui	UI-REFERENCE	apps/koku-ui-hccm/package.json
koku-ui	UI-REFERENCE	apps/koku-ui-hccm/src/components/drawers/commonDrawer/commonDrawer.tsx
koku-ui	UI-REFERENCE	apps/koku-ui-hccm/src/components/featureToggle/featureToggle.tsx
koku-ui	UI-REFERENCE	apps/koku-ui-hccm/src/components/featureToggle/featureToggleType.ts
koku-ui	UI-REFERENCE	apps/koku-ui-hccm/src/components/pageTitle/pageTitle.tsx
koku-ui	UI-REFERENCE	apps/koku-ui-hccm/src/components/permissions/permissions.tsx
koku-ui	UI-REFERENCE	apps/koku-ui-hccm/src/locales/messages.ts
koku-ui	UI-REFERENCE	apps/koku-ui-hccm/src/routePaths.ts
koku-ui	UI-REFERENCE	apps/koku-ui-hccm/src/routes.tsx
koku-ui	UI-REFERENCE	apps/koku-ui-hccm/src/routes/components/costType/costType.tsx
koku-ui	UI-REFERENCE	apps/koku-ui-hccm/src/routes/components/costType/costTypes.ts
koku-ui	UI-REFERENCE	apps/koku-ui-hccm/src/routes/components/dataToolbar/utils/common.ts
koku-ui	UI-REFERENCE	apps/koku-ui-hccm/src/routes/components/dataToolbar/utils/criteria.tsx
koku-ui	UI-REFERENCE	apps/koku-ui-hccm/src/routes/components/page/notAuthorized/notAuthorizedState.tsx
koku-ui	UI-REFERENCE	apps/koku-ui-hccm/src/routes/details/awsBreakdown/awsBreakdown.tsx
koku-ui	UI-REFERENCE	apps/koku-ui-hccm/src/routes/details/awsDetails/awsDetails.tsx
koku-ui	UI-REFERENCE	apps/koku-ui-hccm/src/routes/details/awsDetails/detailsTable.tsx
koku-ui	UI-REFERENCE	apps/koku-ui-hccm/src/routes/details/azureBreakdown/azureBreakdown.tsx
koku-ui	UI-REFERENCE	apps/koku-ui-hccm/src/routes/details/azureDetails/azureDetails.tsx
koku-ui	UI-REFERENCE	apps/koku-ui-hccm/src/routes/details/azureDetails/detailsTable.tsx
koku-ui	UI-REFERENCE	apps/koku-ui-hccm/src/routes/details/gcpBreakdown/gcpBreakdown.tsx
koku-ui	UI-REFERENCE	apps/koku-ui-hccm/src/routes/details/gcpDetails/detailsTable.tsx
koku-ui	UI-REFERENCE	apps/koku-ui-hccm/src/routes/details/gcpDetails/gcpDetails.tsx
koku-ui	UI-REFERENCE	apps/koku-ui-hccm/src/routes/details/ocpBreakdown/clusterInfo/clusterInfoContent.tsx
koku-ui	UI-REFERENCE	apps/koku-ui-hccm/src/routes/details/ocpBreakdown/clusterInfo/components/cloudIntegration.tsx
koku-ui	UI-REFERENCE	apps/koku-ui-hccm/src/routes/details/ocpBreakdown/ocpBreakdown.tsx
koku-ui	UI-REFERENCE	apps/koku-ui-hccm/src/routes/details/ocpBreakdown/optimizations/ocpOptimizations.tsx
koku-ui	UI-REFERENCE	apps/koku-ui-hccm/src/routes/details/ocpDetails/ocpDetails.tsx
koku-ui	UI-REFERENCE	apps/koku-ui-hccm/src/routes/optimizations/clusterQuotaBreakdown/clusterQuotaBreakdown.tsx
koku-ui	UI-REFERENCE	apps/koku-ui-hccm/src/routes/optimizations/clusterQuotaBreakdown/index.ts
koku-ui	UI-REFERENCE	apps/koku-ui-hccm/src/routes/optimizations/containerDetails/containerDetails.tsx
koku-ui	UI-REFERENCE	apps/koku-ui-hccm/src/routes/optimizations/containerDetails/index.ts
koku-ui	UI-REFERENCE	apps/koku-ui-hccm/src/routes/optimizations/decaySettings/decaySettings.tsx
koku-ui	UI-REFERENCE	apps/koku-ui-hccm/src/routes/optimizations/decaySettings/index.ts
koku-ui	UI-REFERENCE	apps/koku-ui-hccm/src/routes/optimizations/efficiency/components/compute/computeCard.tsx
koku-ui	UI-REFERENCE	apps/koku-ui-hccm/src/routes/optimizations/efficiency/components/memory/memoryCard.tsx
koku-ui	UI-REFERENCE	apps/koku-ui-hccm/src/routes/optimizations/efficiency/components/workload/workloadTable.test.tsx
koku-ui	UI-REFERENCE	apps/koku-ui-hccm/src/routes/optimizations/efficiency/components/workload/workloadTable.tsx
koku-ui	UI-REFERENCE	apps/koku-ui-hccm/src/routes/optimizations/efficiency/efficiency.test.tsx
koku-ui	UI-REFERENCE	apps/koku-ui-hccm/src/routes/optimizations/efficiency/efficiency.tsx
koku-ui	UI-REFERENCE	apps/koku-ui-hccm/src/routes/optimizations/fleetSummaryDetails/fleetSummaryDetails.tsx
koku-ui	UI-REFERENCE	apps/koku-ui-hccm/src/routes/optimizations/fleetSummaryDetails/index.ts
koku-ui	UI-REFERENCE	apps/koku-ui-hccm/src/routes/optimizations/gpuDetails/gpuDetails.tsx
koku-ui	UI-REFERENCE	apps/koku-ui-hccm/src/routes/optimizations/gpuDetails/index.ts
koku-ui	UI-REFERENCE	apps/koku-ui-hccm/src/routes/optimizations/gpuMigBreakdown/gpuMigBreakdown.tsx
koku-ui	UI-REFERENCE	apps/koku-ui-hccm/src/routes/optimizations/gpuMigBreakdown/index.ts
koku-ui	UI-REFERENCE	apps/koku-ui-hccm/src/routes/optimizations/gpuTimeslicingBreakdown/gpuTimeslicingBreakdown.tsx
koku-ui	UI-REFERENCE	apps/koku-ui-hccm/src/routes/optimizations/gpuTimeslicingBreakdown/index.ts
koku-ui	UI-REFERENCE	apps/koku-ui-hccm/src/routes/optimizations/historyDetails/historyDetails.tsx
koku-ui	UI-REFERENCE	apps/koku-ui-hccm/src/routes/optimizations/historyDetails/index.ts
koku-ui	UI-REFERENCE	apps/koku-ui-hccm/src/routes/optimizations/namespaceBreakdown/index.ts
koku-ui	UI-REFERENCE	apps/koku-ui-hccm/src/routes/optimizations/namespaceBreakdown/namespaceBreakdown.tsx
koku-ui	UI-REFERENCE	apps/koku-ui-hccm/src/routes/optimizations/namespaceDetails/index.ts
koku-ui	UI-REFERENCE	apps/koku-ui-hccm/src/routes/optimizations/namespaceDetails/namespaceDetails.tsx
koku-ui	UI-REFERENCE	apps/koku-ui-hccm/src/routes/optimizations/nodeBreakdown/index.ts
koku-ui	UI-REFERENCE	apps/koku-ui-hccm/src/routes/optimizations/nodeBreakdown/nodeBreakdown.tsx
koku-ui	UI-REFERENCE	apps/koku-ui-hccm/src/routes/optimizations/nodeDetails/index.ts
koku-ui	UI-REFERENCE	apps/koku-ui-hccm/src/routes/optimizations/nodeDetails/nodeDetails.tsx
koku-ui	UI-REFERENCE	apps/koku-ui-hccm/src/routes/optimizations/optimizations.tsx
koku-ui	UI-REFERENCE	apps/koku-ui-hccm/src/routes/optimizations/optimizationsBreakdown/optimizationsBreakdown.tsx
koku-ui	UI-REFERENCE	apps/koku-ui-hccm/src/routes/optimizations/optimizationsDetails/optimizationsDetails.tsx
koku-ui	UI-REFERENCE	apps/koku-ui-hccm/src/routes/optimizations/pvcBreakdown/index.ts
koku-ui	UI-REFERENCE	apps/koku-ui-hccm/src/routes/optimizations/pvcBreakdown/pvcBreakdown.tsx
koku-ui	UI-REFERENCE	apps/koku-ui-hccm/src/routes/optimizations/qualityDetails/index.ts
koku-ui	UI-REFERENCE	apps/koku-ui-hccm/src/routes/optimizations/qualityDetails/qualityDetails.tsx
koku-ui	UI-REFERENCE	apps/koku-ui-hccm/src/routes/optimizations/quotaBreakdown/index.ts
koku-ui	UI-REFERENCE	apps/koku-ui-hccm/src/routes/optimizations/quotaBreakdown/quotaBreakdown.tsx
koku-ui	UI-REFERENCE	apps/koku-ui-hccm/src/routes/optimizations/quotaDetails/index.ts
koku-ui	UI-REFERENCE	apps/koku-ui-hccm/src/routes/optimizations/quotaDetails/quotaDetails.tsx
koku-ui	UI-REFERENCE	apps/koku-ui-hccm/src/routes/optimizations/storageDetails/index.ts
koku-ui	UI-REFERENCE	apps/koku-ui-hccm/src/routes/optimizations/storageDetails/storageDetails.tsx
koku-ui	UI-REFERENCE	apps/koku-ui-hccm/src/routes/optimizations/useOptimizationsTabUrl.test.ts
koku-ui	UI-REFERENCE	apps/koku-ui-hccm/src/routes/optimizations/useOptimizationsTabUrl.ts
koku-ui	UI-REFERENCE	apps/koku-ui-hccm/src/routes/optimizations/vmBreakdown/index.ts
koku-ui	UI-REFERENCE	apps/koku-ui-hccm/src/routes/optimizations/vmBreakdown/vmBreakdown.tsx
koku-ui	UI-REFERENCE	apps/koku-ui-hccm/src/routes/optimizations/vmDetails/index.ts
koku-ui	UI-REFERENCE	apps/koku-ui-hccm/src/routes/optimizations/vmDetails/vmDetails.tsx
koku-ui	UI-REFERENCE	apps/koku-ui-hccm/src/routes/overview/components/dashboardWidgetBase.tsx
koku-ui	UI-REFERENCE	apps/koku-ui-hccm/src/routes/settings/costModels/costModel/components/state/noCostModelState.tsx
koku-ui	UI-REFERENCE	apps/koku-ui-hccm/src/routes/settings/costModels/costModel/costModelTable.tsx
koku-ui	UI-REFERENCE	apps/koku-ui-hccm/src/routes/settings/costModels/costModelBreakdown/costModelBreakdown.tsx
koku-ui	UI-REFERENCE	apps/koku-ui-hccm/src/routes/settings/costModels/costModelBreakdown/costModelBreakdownHeader.tsx
koku-ui	UI-REFERENCE	apps/koku-ui-hccm/src/routes/settings/costModels/costModelBreakdown/priceLists/components/actions/addPriceListAction.tsx
koku-ui	UI-REFERENCE	apps/koku-ui-hccm/src/routes/settings/costModels/costModelBreakdown/priceLists/components/add/addPriceListModal.tsx
koku-ui	UI-REFERENCE	apps/koku-ui-hccm/src/routes/settings/costModels/costModelBreakdown/priceLists/components/charts/timelineChart.tsx
koku-ui	UI-REFERENCE	apps/koku-ui-hccm/src/routes/settings/costModels/costModelBreakdown/priceLists/components/priceListContent.tsx
koku-ui	UI-REFERENCE	apps/koku-ui-hccm/src/routes/settings/costModels/costModelBreakdown/priceLists/components/priceListContentTable.tsx
koku-ui	UI-REFERENCE	apps/koku-ui-hccm/src/routes/settings/costModels/costModelBreakdown/priceLists/components/state/noPriceListState.tsx
koku-ui	UI-REFERENCE	apps/koku-ui-hccm/src/routes/settings/costModels/costModelBreakdown/priceLists/orderPriceList.tsx
koku-ui	UI-REFERENCE	apps/koku-ui-hccm/src/routes/settings/costModels/costModelBreakdown/priceLists/orderPriceListCommon.ts
koku-ui	UI-REFERENCE	apps/koku-ui-hccm/src/routes/settings/costModels/costModelBreakdown/priceLists/orderPriceListContent.tsx
koku-ui	UI-REFERENCE	apps/koku-ui-hccm/src/routes/settings/costModels/costModelBreakdown/priceLists/orderPriceListTable.tsx
koku-ui	UI-REFERENCE	apps/koku-ui-hccm/src/routes/settings/costModels/costModelCreate/components/actions/createCostModelAction.tsx
koku-ui	UI-REFERENCE	apps/koku-ui-hccm/src/routes/settings/costModels/costModelCreate/components/create/costModelWizard.tsx
koku-ui	UI-REFERENCE	apps/koku-ui-hccm/src/routes/settings/costModels/costModelCreate/costModelCreate.tsx
koku-ui	UI-REFERENCE	apps/koku-ui-hccm/src/routes/settings/costModels/costModelCreate/costModelCreateHeader.tsx
koku-ui	UI-REFERENCE	apps/koku-ui-hccm/src/routes/settings/costModelsDeprecated/costModelBreakdown/header.tsx
koku-ui	UI-REFERENCE	apps/koku-ui-hccm/src/routes/settings/costModelsDeprecated/costModelsDetails/utils/table.tsx
koku-ui	UI-REFERENCE	apps/koku-ui-hccm/src/routes/settings/display/dataRetention/dataRetention.test.tsx
koku-ui	UI-REFERENCE	apps/koku-ui-hccm/src/routes/settings/display/dataRetention/dataRetention.tsx
koku-ui	UI-REFERENCE	apps/koku-ui-hccm/src/routes/settings/display/display.test.tsx
koku-ui	UI-REFERENCE	apps/koku-ui-hccm/src/routes/settings/display/display.tsx
koku-ui	UI-REFERENCE	apps/koku-ui-hccm/src/routes/settings/priceLists/priceList/components/actions/priceListActions.tsx
koku-ui	UI-REFERENCE	apps/koku-ui-hccm/src/routes/settings/priceLists/priceList/priceListTable.tsx
koku-ui	UI-REFERENCE	apps/koku-ui-hccm/src/routes/settings/priceLists/priceListBreakdown/costModels/costModels.tsx
koku-ui	UI-REFERENCE	apps/koku-ui-hccm/src/routes/settings/priceLists/priceListBreakdown/costModels/costModelsTable.tsx
koku-ui	UI-REFERENCE	apps/koku-ui-hccm/src/routes/settings/priceLists/priceListBreakdown/priceListBreakdown.tsx
koku-ui	UI-REFERENCE	apps/koku-ui-hccm/src/routes/settings/priceLists/priceListBreakdown/priceListBreakdownHeader.tsx
koku-ui	UI-REFERENCE	apps/koku-ui-hccm/src/routes/settings/priceLists/priceListCreate/components/actions/createPriceListAction.tsx
koku-ui	UI-REFERENCE	apps/koku-ui-hccm/src/routes/settings/priceLists/priceListCreate/priceListCreate.tsx
koku-ui	UI-REFERENCE	apps/koku-ui-hccm/src/routes/settings/priceLists/priceListCreate/priceListCreateHeader.tsx
koku-ui	UI-REFERENCE	apps/koku-ui-hccm/src/routes/settings/settings.tsx
koku-ui	UI-REFERENCE	apps/koku-ui-hccm/src/routes/utils/filter.ts
koku-ui	UI-REFERENCE	apps/koku-ui-hccm/src/store/costModels/costModelActions.ts
koku-ui	UI-REFERENCE	apps/koku-ui-hccm/src/store/costModels/costModelSelectors.ts
koku-ui	UI-REFERENCE	apps/koku-ui-hccm/src/store/dashboard/awsDashboard/awsDashboardWidgets.ts
koku-ui	UI-REFERENCE	apps/koku-ui-hccm/src/store/dashboard/azureDashboard/azureDashboardWidgets.ts
koku-ui	UI-REFERENCE	apps/koku-ui-hccm/src/store/dashboard/gcpDashboard/gcpDashboardWidgets.ts
koku-ui	UI-REFERENCE	apps/koku-ui-hccm/src/store/dashboard/ocpDashboard/ocpDashboardWidgets.ts
koku-ui	UI-REFERENCE	apps/koku-ui-hccm/src/store/featureToggle/__snapshots__/featureToggle.test.ts.snap
koku-ui	UI-REFERENCE	apps/koku-ui-hccm/src/store/featureToggle/featureToggleActions.ts
koku-ui	UI-REFERENCE	apps/koku-ui-hccm/src/store/featureToggle/featureToggleReducer.ts
koku-ui	UI-REFERENCE	apps/koku-ui-hccm/src/store/featureToggle/featureToggleSelectors.ts
koku-ui	UI-REFERENCE	apps/koku-ui-hccm/src/store/metrics/selectors.ts
koku-ui	UI-REFERENCE	apps/koku-ui-hccm/src/store/providers/providersActions.ts
koku-ui	UI-REFERENCE	apps/koku-ui-hccm/src/store/providers/providersCommon.ts
koku-ui	UI-REFERENCE	apps/koku-ui-hccm/src/store/providers/providersReducer.ts
koku-ui	UI-REFERENCE	apps/koku-ui-hccm/src/store/providers/providersSelectors.ts
koku-ui	UI-REFERENCE	apps/koku-ui-hccm/src/store/rates/ratesCommon.ts
koku-ui	UI-REFERENCE	apps/koku-ui-hccm/src/store/rates/reducer.ts
koku-ui	UI-REFERENCE	apps/koku-ui-hccm/src/store/rates/selectors.ts
koku-ui	UI-REFERENCE	apps/koku-ui-hccm/src/styles/global.css
koku-ui	UI-REFERENCE	apps/koku-ui-hccm/src/utils/paths.test.ts
koku-ui	UI-REFERENCE	apps/koku-ui-hccm/src/utils/paths.ts
koku-ui	UI-REFERENCE	apps/koku-ui-hccm/src/utils/sessionStorage.ts
koku-ui	UI-REFERENCE	apps/koku-ui-hccm/webpack-onprem.config.ts
koku-ui	UI-REFERENCE	apps/koku-ui-onprem/Containerfile
koku-ui	UI-REFERENCE	apps/koku-ui-onprem/README.md
koku-ui	UI-REFERENCE	apps/koku-ui-onprem/cypress/README.md
koku-ui	UI-REFERENCE	apps/koku-ui-onprem/cypress/e2e/live/01-app-loads.cy.ts
koku-ui	UI-REFERENCE	apps/koku-ui-onprem/cypress/e2e/live/02-host-iam-navigation.cy.ts
koku-ui	UI-REFERENCE	apps/koku-ui-onprem/cypress/e2e/live/03-iam-sidebar-navigation.cy.ts
koku-ui	UI-REFERENCE	apps/koku-ui-onprem/cypress/e2e/live/04-iam-storybook-parity.cy.ts
koku-ui	UI-REFERENCE	apps/koku-ui-onprem/docs/auth-enabled-dev-mode.md
koku-ui	UI-REFERENCE	apps/koku-ui-onprem/package.json
koku-ui	UI-REFERENCE	apps/koku-ui-onprem/src/components/App.tsx
koku-ui	UI-REFERENCE	apps/koku-ui-onprem/src/components/App/AppLayout.tsx
koku-ui	UI-REFERENCE	apps/koku-ui-onprem/src/components/App/AppToolbar.tsx
koku-ui	UI-REFERENCE	apps/koku-ui-onprem/src/components/UserMenu.tsx
koku-ui	UI-REFERENCE	apps/koku-ui-onprem/src/data/routes.ts
koku-ui	UI-REFERENCE	apps/koku-ui-onprem/src/index.html
koku-ui	UI-REFERENCE	apps/koku-ui-onprem/src/locales/messages.ts
koku-ui	UI-REFERENCE	apps/koku-ui-onprem/webpack.config.ts
koku-ui	UI-REFERENCE	apps/koku-ui-ros/AGENTS.md
koku-ui	UI-REFERENCE	apps/koku-ui-ros/fec.config.js
koku-ui	UI-REFERENCE	apps/koku-ui-ros/locales/data.json
koku-ui	UI-REFERENCE	apps/koku-ui-ros/locales/translations.json
koku-ui	UI-REFERENCE	apps/koku-ui-ros/package.json
koku-ui	UI-REFERENCE	apps/koku-ui-ros/src/api/queries/query.ts
koku-ui	UI-REFERENCE	apps/koku-ui-ros/src/api/queries/rosQuery.ts
koku-ui	UI-REFERENCE	apps/koku-ui-ros/src/api/ros/fleetHeatmap.ts
koku-ui	UI-REFERENCE	apps/koku-ui-ros/src/api/ros/fleetSummary.ts
koku-ui	UI-REFERENCE	apps/koku-ui-ros/src/api/ros/nodeHourlyUtilization.ts
koku-ui	UI-REFERENCE	apps/koku-ui-ros/src/api/ros/quality.ts
koku-ui	UI-REFERENCE	apps/koku-ui-ros/src/api/ros/recommendationHistory.ts
koku-ui	UI-REFERENCE	apps/koku-ui-ros/src/api/ros/recommendations.ts
koku-ui	UI-REFERENCE	apps/koku-ui-ros/src/api/ros/ros.ts
koku-ui	UI-REFERENCE	apps/koku-ui-ros/src/api/ros/rosListParams.test.ts
koku-ui	UI-REFERENCE	apps/koku-ui-ros/src/api/ros/rosListParams.ts
koku-ui	UI-REFERENCE	apps/koku-ui-ros/src/api/ros/rosUtils.ts
koku-ui	UI-REFERENCE	apps/koku-ui-ros/src/api/ros/savingsSummary.test.ts
koku-ui	UI-REFERENCE	apps/koku-ui-ros/src/api/ros/savingsSummary.ts
koku-ui	UI-REFERENCE	apps/koku-ui-ros/src/api/ros/termSettings.test.ts
koku-ui	UI-REFERENCE	apps/koku-ui-ros/src/api/ros/termSettings.ts
koku-ui	UI-REFERENCE	apps/koku-ui-ros/src/api/ros/vmHourlyActivity.ts
koku-ui	UI-REFERENCE	apps/koku-ui-ros/src/api/ros/workloadTypes.ts
koku-ui	UI-REFERENCE	apps/koku-ui-ros/src/api/tags/ocpTags.ts
koku-ui	UI-REFERENCE	apps/koku-ui-ros/src/api/tags/tag.ts
koku-ui	UI-REFERENCE	apps/koku-ui-ros/src/api/tags/tagUtils.ts
koku-ui	UI-REFERENCE	apps/koku-ui-ros/src/components/featureToggle/featureToggle.tsx
koku-ui	UI-REFERENCE	apps/koku-ui-ros/src/components/featureToggle/featureToggleType.ts
koku-ui	UI-REFERENCE	apps/koku-ui-ros/src/components/pageTitle/pageTitle.tsx
koku-ui	UI-REFERENCE	apps/koku-ui-ros/src/components/permissions/permissions.tsx
koku-ui	UI-REFERENCE	apps/koku-ui-ros/src/fed-modules/decaySettingsWrapper.tsx
koku-ui	UI-REFERENCE	apps/koku-ui-ros/src/fed-modules/fleetHeatmapWrapper.tsx
koku-ui	UI-REFERENCE	apps/koku-ui-ros/src/fed-modules/fleetSummaryCardsWrapper.tsx
koku-ui	UI-REFERENCE	apps/koku-ui-ros/src/fed-modules/historyExplorerWrapper.tsx
koku-ui	UI-REFERENCE	apps/koku-ui-ros/src/fed-modules/optimizationsBadgeWrapper.tsx
koku-ui	UI-REFERENCE	apps/koku-ui-ros/src/fed-modules/optimizationsBreakdownWrapper.test.tsx
koku-ui	UI-REFERENCE	apps/koku-ui-ros/src/fed-modules/optimizationsBreakdownWrapper.tsx
koku-ui	UI-REFERENCE	apps/koku-ui-ros/src/fed-modules/optimizationsDetailsWrapper.tsx
koku-ui	UI-REFERENCE	apps/koku-ui-ros/src/fed-modules/optimizationsGpuBadgeWrapper.tsx
koku-ui	UI-REFERENCE	apps/koku-ui-ros/src/fed-modules/optimizationsGpuDetailsWrapper.tsx
koku-ui	UI-REFERENCE	apps/koku-ui-ros/src/fed-modules/optimizationsLinkWrapper.tsx
koku-ui	UI-REFERENCE	apps/koku-ui-ros/src/fed-modules/optimizationsNamespacesBadgeWrapper.tsx
koku-ui	UI-REFERENCE	apps/koku-ui-ros/src/fed-modules/optimizationsNodesBadgeWrapper.tsx
koku-ui	UI-REFERENCE	apps/koku-ui-ros/src/fed-modules/optimizationsQuotaBadgeWrapper.tsx
koku-ui	UI-REFERENCE	apps/koku-ui-ros/src/fed-modules/optimizationsQuotaDetailsWrapper.tsx
koku-ui	UI-REFERENCE	apps/koku-ui-ros/src/fed-modules/optimizationsStorageBadgeWrapper.tsx
koku-ui	UI-REFERENCE	apps/koku-ui-ros/src/fed-modules/optimizationsStorageDetailsWrapper.tsx
koku-ui	UI-REFERENCE	apps/koku-ui-ros/src/fed-modules/optimizationsSummaryWrapper.tsx
koku-ui	UI-REFERENCE	apps/koku-ui-ros/src/fed-modules/optimizationsTabSummaryBannerWrapper.tsx
koku-ui	UI-REFERENCE	apps/koku-ui-ros/src/fed-modules/optimizationsTableWrapper.test.tsx
koku-ui	UI-REFERENCE	apps/koku-ui-ros/src/fed-modules/optimizationsTableWrapper.tsx
koku-ui	UI-REFERENCE	apps/koku-ui-ros/src/fed-modules/optimizationsVmsBadgeWrapper.tsx
koku-ui	UI-REFERENCE	apps/koku-ui-ros/src/fed-modules/qualityDashboardWrapper.tsx
koku-ui	UI-REFERENCE	apps/koku-ui-ros/src/fed-modules/savingsWaterfallChartWrapper.tsx
koku-ui	UI-REFERENCE	apps/koku-ui-ros/src/hooks/useFleetHeatmap.ts
koku-ui	UI-REFERENCE	apps/koku-ui-ros/src/hooks/useFleetSummary.ts
koku-ui	UI-REFERENCE	apps/koku-ui-ros/src/hooks/useNodeHourlyUtilization.ts
koku-ui	UI-REFERENCE	apps/koku-ui-ros/src/hooks/useOptimizationsTabSummary.ts
koku-ui	UI-REFERENCE	apps/koku-ui-ros/src/hooks/useRecommendationHistory.ts
koku-ui	UI-REFERENCE	apps/koku-ui-ros/src/hooks/useRecommendationTermOptions.ts
koku-ui	UI-REFERENCE	apps/koku-ui-ros/src/hooks/useRosCount.ts
koku-ui	UI-REFERENCE	apps/koku-ui-ros/src/hooks/useTermDecayInfo.ts
koku-ui	UI-REFERENCE	apps/koku-ui-ros/src/hooks/useVmHourlyActivity.ts
koku-ui	UI-REFERENCE	apps/koku-ui-ros/src/locales/messages.ts
koku-ui	UI-REFERENCE	apps/koku-ui-ros/src/routePaths.ts
koku-ui	UI-REFERENCE	apps/koku-ui-ros/src/routes/components/charts/common/chartDatum.ts
koku-ui	UI-REFERENCE	apps/koku-ui-ros/src/routes/components/dataTable/dataTable.tsx
koku-ui	UI-REFERENCE	apps/koku-ui-ros/src/routes/components/dataToolbar/basicToolbar.tsx
koku-ui	UI-REFERENCE	apps/koku-ui-ros/src/routes/components/dataToolbar/dataToolbar.scss
koku-ui	UI-REFERENCE	apps/koku-ui-ros/src/routes/components/dataToolbar/tagValue.tsx
koku-ui	UI-REFERENCE	apps/koku-ui-ros/src/routes/components/dataToolbar/utils/common.ts
koku-ui	UI-REFERENCE	apps/koku-ui-ros/src/routes/components/dataToolbar/utils/criteria.tsx
koku-ui	UI-REFERENCE	apps/koku-ui-ros/src/routes/components/dataToolbar/utils/tags.tsx
koku-ui	UI-REFERENCE	apps/koku-ui-ros/src/routes/components/page/coldStart/coldStartState.tsx
koku-ui	UI-REFERENCE	apps/koku-ui-ros/src/routes/components/page/coldStart/index.ts
koku-ui	UI-REFERENCE	apps/koku-ui-ros/src/routes/components/page/notAuthorized/notAuthorizedState.tsx
koku-ui	UI-REFERENCE	apps/koku-ui-ros/src/routes/components/perspective/perspectiveSelect.tsx
koku-ui	UI-REFERENCE	apps/koku-ui-ros/src/routes/components/selectWrapper/index.ts
koku-ui	UI-REFERENCE	apps/koku-ui-ros/src/routes/components/selectWrapper/selectTypeaheadWrapper.tsx
koku-ui	UI-REFERENCE	apps/koku-ui-ros/src/routes/optimizations/fleetHeatmap/fleetHeatmap.styles.ts
koku-ui	UI-REFERENCE	apps/koku-ui-ros/src/routes/optimizations/fleetHeatmap/fleetHeatmap.test.tsx
koku-ui	UI-REFERENCE	apps/koku-ui-ros/src/routes/optimizations/fleetHeatmap/fleetHeatmap.tsx
koku-ui	UI-REFERENCE	apps/koku-ui-ros/src/routes/optimizations/fleetHeatmap/fleetHeatmapCell.tsx
koku-ui	UI-REFERENCE	apps/koku-ui-ros/src/routes/optimizations/fleetHeatmap/index.ts
koku-ui	UI-REFERENCE	apps/koku-ui-ros/src/routes/optimizations/fleetSummaryCards/fleetSummaryCards.styles.ts
koku-ui	UI-REFERENCE	apps/koku-ui-ros/src/routes/optimizations/fleetSummaryCards/fleetSummaryCards.test.tsx
koku-ui	UI-REFERENCE	apps/koku-ui-ros/src/routes/optimizations/fleetSummaryCards/fleetSummaryCards.tsx
koku-ui	UI-REFERENCE	apps/koku-ui-ros/src/routes/optimizations/fleetSummaryCards/index.ts
koku-ui	UI-REFERENCE	apps/koku-ui-ros/src/routes/optimizations/historyExplorer/historyExplorer.styles.ts
koku-ui	UI-REFERENCE	apps/koku-ui-ros/src/routes/optimizations/historyExplorer/historyExplorer.tsx
koku-ui	UI-REFERENCE	apps/koku-ui-ros/src/routes/optimizations/historyExplorer/historyExplorerTable.tsx
koku-ui	UI-REFERENCE	apps/koku-ui-ros/src/routes/optimizations/historyExplorer/historyExplorerToolbar.tsx
koku-ui	UI-REFERENCE	apps/koku-ui-ros/src/routes/optimizations/historyExplorer/index.ts
koku-ui	UI-REFERENCE	apps/koku-ui-ros/src/routes/optimizations/optimizationsBadge/optimizationsBadge.tsx
koku-ui	UI-REFERENCE	apps/koku-ui-ros/src/routes/optimizations/optimizationsBreakdown/RecommendationIdMetadata.tsx
koku-ui	UI-REFERENCE	apps/koku-ui-ros/src/routes/optimizations/optimizationsBreakdown/clusterQuotaBreakdown/clusterQuotaBreakdown.tsx
koku-ui	UI-REFERENCE	apps/koku-ui-ros/src/routes/optimizations/optimizationsBreakdown/clusterQuotaBreakdown/clusterQuotaBreakdownExplanation.tsx
koku-ui	UI-REFERENCE	apps/koku-ui-ros/src/routes/optimizations/optimizationsBreakdown/clusterQuotaBreakdown/clusterQuotaBreakdownHeader.tsx
koku-ui	UI-REFERENCE	apps/koku-ui-ros/src/routes/optimizations/optimizationsBreakdown/clusterQuotaBreakdown/clusterQuotaUtilizationGauges.test.tsx
koku-ui	UI-REFERENCE	apps/koku-ui-ros/src/routes/optimizations/optimizationsBreakdown/clusterQuotaBreakdown/clusterQuotaUtilizationGauges.tsx
koku-ui	UI-REFERENCE	apps/koku-ui-ros/src/routes/optimizations/optimizationsBreakdown/clusterQuotaBreakdown/clusterQuotaVisualInsightsSection.tsx
koku-ui	UI-REFERENCE	apps/koku-ui-ros/src/routes/optimizations/optimizationsBreakdown/data.ts
koku-ui	UI-REFERENCE	apps/koku-ui-ros/src/routes/optimizations/optimizationsBreakdown/gpuMigBreakdown/gpuMigBreakdown.test.tsx
koku-ui	UI-REFERENCE	apps/koku-ui-ros/src/routes/optimizations/optimizationsBreakdown/gpuMigBreakdown/gpuMigBreakdown.tsx
koku-ui	UI-REFERENCE	apps/koku-ui-ros/src/routes/optimizations/optimizationsBreakdown/gpuMigBreakdown/index.ts
koku-ui	UI-REFERENCE	apps/koku-ui-ros/src/routes/optimizations/optimizationsBreakdown/gpuTimeslicingBreakdown/gpuTimeslicingBreakdown.test.tsx
koku-ui	UI-REFERENCE	apps/koku-ui-ros/src/routes/optimizations/optimizationsBreakdown/gpuTimeslicingBreakdown/gpuTimeslicingBreakdown.tsx
koku-ui	UI-REFERENCE	apps/koku-ui-ros/src/routes/optimizations/optimizationsBreakdown/gpuTimeslicingBreakdown/index.ts
koku-ui	UI-REFERENCE	apps/koku-ui-ros/src/routes/optimizations/optimizationsBreakdown/gpuVisualInsights/gpuUtilizationRadarChart.test.tsx
koku-ui	UI-REFERENCE	apps/koku-ui-ros/src/routes/optimizations/optimizationsBreakdown/gpuVisualInsights/gpuUtilizationRadarChart.tsx
koku-ui	UI-REFERENCE	apps/koku-ui-ros/src/routes/optimizations/optimizationsBreakdown/gpuVisualInsights/gpuVisualInsightsSection.tsx
koku-ui	UI-REFERENCE	apps/koku-ui-ros/src/routes/optimizations/optimizationsBreakdown/gpuVisualInsights/gpuVramUtilizationGauge.test.tsx
koku-ui	UI-REFERENCE	apps/koku-ui-ros/src/routes/optimizations/optimizationsBreakdown/gpuVisualInsights/gpuVramUtilizationGauge.tsx
koku-ui	UI-REFERENCE	apps/koku-ui-ros/src/routes/optimizations/optimizationsBreakdown/gpuVisualInsights/index.ts
koku-ui	UI-REFERENCE	apps/koku-ui-ros/src/routes/optimizations/optimizationsBreakdown/namespaceBreakdown/index.ts
koku-ui	UI-REFERENCE	apps/koku-ui-ros/src/routes/optimizations/optimizationsBreakdown/namespaceBreakdown/namespaceBreakdown.tsx
koku-ui	UI-REFERENCE	apps/koku-ui-ros/src/routes/optimizations/optimizationsBreakdown/namespaceBreakdown/namespaceBreakdownHeader.tsx
koku-ui	UI-REFERENCE	apps/koku-ui-ros/src/routes/optimizations/optimizationsBreakdown/namespaceBreakdown/namespaceContainerInventory.test.tsx
koku-ui	UI-REFERENCE	apps/koku-ui-ros/src/routes/optimizations/optimizationsBreakdown/namespaceBreakdown/namespaceContainerInventory.tsx
koku-ui	UI-REFERENCE	apps/koku-ui-ros/src/routes/optimizations/optimizationsBreakdown/nodeBreakdown/index.ts
koku-ui	UI-REFERENCE	apps/koku-ui-ros/src/routes/optimizations/optimizationsBreakdown/nodeBreakdown/nodeBreakdown.tsx
koku-ui	UI-REFERENCE	apps/koku-ui-ros/src/routes/optimizations/optimizationsBreakdown/nodeBreakdown/nodeBreakdownExplanation.tsx
koku-ui	UI-REFERENCE	apps/koku-ui-ros/src/routes/optimizations/optimizationsBreakdown/nodeBreakdown/nodeBreakdownHeader.tsx
koku-ui	UI-REFERENCE	apps/koku-ui-ros/src/routes/optimizations/optimizationsBreakdown/nodeBreakdown/nodeBreakdownUtilization.tsx
koku-ui	UI-REFERENCE	apps/koku-ui-ros/src/routes/optimizations/optimizationsBreakdown/nodeBreakdown/nodePodHeadroomGauge.test.tsx
koku-ui	UI-REFERENCE	apps/koku-ui-ros/src/routes/optimizations/optimizationsBreakdown/nodeBreakdown/nodePodHeadroomGauge.tsx
koku-ui	UI-REFERENCE	apps/koku-ui-ros/src/routes/optimizations/optimizationsBreakdown/nodeBreakdown/nodeVisualInsightsSection.test.tsx
koku-ui	UI-REFERENCE	apps/koku-ui-ros/src/routes/optimizations/optimizationsBreakdown/nodeBreakdown/nodeVisualInsightsSection.tsx
koku-ui	UI-REFERENCE	apps/koku-ui-ros/src/routes/optimizations/optimizationsBreakdown/nodeBreakdown/visualInsights/index.ts
koku-ui	UI-REFERENCE	apps/koku-ui-ros/src/routes/optimizations/optimizationsBreakdown/nodeBreakdown/visualInsights/nodeRequestGapChart.test.tsx
koku-ui	UI-REFERENCE	apps/koku-ui-ros/src/routes/optimizations/optimizationsBreakdown/nodeBreakdown/visualInsights/nodeRequestGapChart.tsx
koku-ui	UI-REFERENCE	apps/koku-ui-ros/src/routes/optimizations/optimizationsBreakdown/nodeBreakdown/visualInsights/nodeUtilizationTrend.test.tsx
koku-ui	UI-REFERENCE	apps/koku-ui-ros/src/routes/optimizations/optimizationsBreakdown/nodeBreakdown/visualInsights/nodeUtilizationTrend.tsx
koku-ui	UI-REFERENCE	apps/koku-ui-ros/src/routes/optimizations/optimizationsBreakdown/optimizationsBreakdown.tsx
koku-ui	UI-REFERENCE	apps/koku-ui-ros/src/routes/optimizations/optimizationsBreakdown/optimizationsBreakdownChart.styles.ts
koku-ui	UI-REFERENCE	apps/koku-ui-ros/src/routes/optimizations/optimizationsBreakdown/optimizationsBreakdownChart.tsx
koku-ui	UI-REFERENCE	apps/koku-ui-ros/src/routes/optimizations/optimizationsBreakdown/optimizationsBreakdownConfiguration.tsx
koku-ui	UI-REFERENCE	apps/koku-ui-ros/src/routes/optimizations/optimizationsBreakdown/optimizationsBreakdownExplanation.tsx
koku-ui	UI-REFERENCE	apps/koku-ui-ros/src/routes/optimizations/optimizationsBreakdown/optimizationsBreakdownHeader.styles.ts
koku-ui	UI-REFERENCE	apps/koku-ui-ros/src/routes/optimizations/optimizationsBreakdown/optimizationsBreakdownHeader.tsx
koku-ui	UI-REFERENCE	apps/koku-ui-ros/src/routes/optimizations/optimizationsBreakdown/optimizationsBreakdownUtilization.tsx
koku-ui	UI-REFERENCE	apps/koku-ui-ros/src/routes/optimizations/optimizationsBreakdown/pvcBreakdown/pvcBreakdown.tsx
koku-ui	UI-REFERENCE	apps/koku-ui-ros/src/routes/optimizations/optimizationsBreakdown/pvcBreakdown/pvcBreakdownExplanation.tsx
koku-ui	UI-REFERENCE	apps/koku-ui-ros/src/routes/optimizations/optimizationsBreakdown/pvcBreakdown/pvcBreakdownHeader.tsx
koku-ui	UI-REFERENCE	apps/koku-ui-ros/src/routes/optimizations/optimizationsBreakdown/pvcBreakdown/pvcBreakdownTermCards.tsx
koku-ui	UI-REFERENCE	apps/koku-ui-ros/src/routes/optimizations/optimizationsBreakdown/pvcBreakdown/pvcBreakdownUsageChart.test.ts
koku-ui	UI-REFERENCE	apps/koku-ui-ros/src/routes/optimizations/optimizationsBreakdown/pvcBreakdown/pvcBreakdownUsageChart.tsx
koku-ui	UI-REFERENCE	apps/koku-ui-ros/src/routes/optimizations/optimizationsBreakdown/pvcBreakdown/pvcTrendSummary.tsx
koku-ui	UI-REFERENCE	apps/koku-ui-ros/src/routes/optimizations/optimizationsBreakdown/pvcBreakdown/pvcTrendUtils.test.ts
koku-ui	UI-REFERENCE	apps/koku-ui-ros/src/routes/optimizations/optimizationsBreakdown/pvcBreakdown/pvcTrendUtils.ts
koku-ui	UI-REFERENCE	apps/koku-ui-ros/src/routes/optimizations/optimizationsBreakdown/pvcBreakdown/pvcUtilizationGauge.test.tsx
koku-ui	UI-REFERENCE	apps/koku-ui-ros/src/routes/optimizations/optimizationsBreakdown/pvcBreakdown/pvcUtilizationGauge.tsx
koku-ui	UI-REFERENCE	apps/koku-ui-ros/src/routes/optimizations/optimizationsBreakdown/pvcBreakdown/pvcVisualInsightsSection.tsx
koku-ui	UI-REFERENCE	apps/koku-ui-ros/src/routes/optimizations/optimizationsBreakdown/quotaBreakdown/quotaBreakdown.tsx
koku-ui	UI-REFERENCE	apps/koku-ui-ros/src/routes/optimizations/optimizationsBreakdown/quotaBreakdown/quotaBreakdownExplanation.tsx
koku-ui	UI-REFERENCE	apps/koku-ui-ros/src/routes/optimizations/optimizationsBreakdown/quotaBreakdown/quotaBreakdownHeader.tsx
koku-ui	UI-REFERENCE	apps/koku-ui-ros/src/routes/optimizations/optimizationsBreakdown/quotaBreakdown/quotaBreakdownHistoryChart.tsx
koku-ui	UI-REFERENCE	apps/koku-ui-ros/src/routes/optimizations/optimizationsBreakdown/quotaBreakdown/quotaBreakdownHistoryCharts.tsx
koku-ui	UI-REFERENCE	apps/koku-ui-ros/src/routes/optimizations/optimizationsBreakdown/quotaBreakdown/quotaHeadroomTrend.tsx
koku-ui	UI-REFERENCE	apps/koku-ui-ros/src/routes/optimizations/optimizationsBreakdown/quotaBreakdown/quotaHistoryUtils.test.ts
koku-ui	UI-REFERENCE	apps/koku-ui-ros/src/routes/optimizations/optimizationsBreakdown/quotaBreakdown/quotaHistoryUtils.ts
koku-ui	UI-REFERENCE	apps/koku-ui-ros/src/routes/optimizations/optimizationsBreakdown/shared/breakdownDecayInfoCard.tsx
koku-ui	UI-REFERENCE	apps/koku-ui-ros/src/routes/optimizations/optimizationsBreakdown/shared/decayInfoCard.test.tsx
koku-ui	UI-REFERENCE	apps/koku-ui-ros/src/routes/optimizations/optimizationsBreakdown/shared/decayInfoCard.tsx
koku-ui	UI-REFERENCE	apps/koku-ui-ros/src/routes/optimizations/optimizationsBreakdown/useBreakdownProjection.ts
koku-ui	UI-REFERENCE	apps/koku-ui-ros/src/routes/optimizations/optimizationsBreakdown/visualInsights/containerHistoryChart.test.tsx
koku-ui	UI-REFERENCE	apps/koku-ui-ros/src/routes/optimizations/optimizationsBreakdown/visualInsights/containerHistoryChart.tsx
koku-ui	UI-REFERENCE	apps/koku-ui-ros/src/routes/optimizations/optimizationsBreakdown/visualInsights/cpuThrottleTrend.test.tsx
koku-ui	UI-REFERENCE	apps/koku-ui-ros/src/routes/optimizations/optimizationsBreakdown/visualInsights/cpuThrottleTrend.tsx
koku-ui	UI-REFERENCE	apps/koku-ui-ros/src/routes/optimizations/optimizationsBreakdown/visualInsights/index.ts
koku-ui	UI-REFERENCE	apps/koku-ui-ros/src/routes/optimizations/optimizationsBreakdown/visualInsights/oomTimeline.test.tsx
koku-ui	UI-REFERENCE	apps/koku-ui-ros/src/routes/optimizations/optimizationsBreakdown/visualInsights/oomTimeline.tsx
koku-ui	UI-REFERENCE	apps/koku-ui-ros/src/routes/optimizations/optimizationsBreakdown/visualInsights/visualInsightsSection.tsx
koku-ui	UI-REFERENCE	apps/koku-ui-ros/src/routes/optimizations/optimizationsBreakdown/vmBreakdown/index.ts
koku-ui	UI-REFERENCE	apps/koku-ui-ros/src/routes/optimizations/optimizationsBreakdown/vmBreakdown/visualInsights/index.ts
koku-ui	UI-REFERENCE	apps/koku-ui-ros/src/routes/optimizations/optimizationsBreakdown/vmBreakdown/visualInsights/vmIoSparkline.test.tsx
koku-ui	UI-REFERENCE	apps/koku-ui-ros/src/routes/optimizations/optimizationsBreakdown/vmBreakdown/visualInsights/vmIoSparkline.tsx
koku-ui	UI-REFERENCE	apps/koku-ui-ros/src/routes/optimizations/optimizationsBreakdown/vmBreakdown/visualInsights/vmSizingChart.test.tsx
koku-ui	UI-REFERENCE	apps/koku-ui-ros/src/routes/optimizations/optimizationsBreakdown/vmBreakdown/visualInsights/vmSizingChart.tsx
koku-ui	UI-REFERENCE	apps/koku-ui-ros/src/routes/optimizations/optimizationsBreakdown/vmBreakdown/visualInsights/vmUtilizationTrendChart.test.tsx
koku-ui	UI-REFERENCE	apps/koku-ui-ros/src/routes/optimizations/optimizationsBreakdown/vmBreakdown/visualInsights/vmUtilizationTrendChart.tsx
koku-ui	UI-REFERENCE	apps/koku-ui-ros/src/routes/optimizations/optimizationsBreakdown/vmBreakdown/visualInsights/vmVisualInsightsSection.tsx
koku-ui	UI-REFERENCE	apps/koku-ui-ros/src/routes/optimizations/optimizationsBreakdown/vmBreakdown/vmBreakdown.tsx
koku-ui	UI-REFERENCE	apps/koku-ui-ros/src/routes/optimizations/optimizationsBreakdown/vmBreakdown/vmBreakdownHeader.tsx
koku-ui	UI-REFERENCE	apps/koku-ui-ros/src/routes/optimizations/optimizationsDetails/index.ts
koku-ui	UI-REFERENCE	apps/koku-ui-ros/src/routes/optimizations/optimizationsDetails/optimizationsDetails.tsx
koku-ui	UI-REFERENCE	apps/koku-ui-ros/src/routes/optimizations/optimizationsDetails/optimizationsDetailsToolbar.styles.ts
koku-ui	UI-REFERENCE	apps/koku-ui-ros/src/routes/optimizations/optimizationsGpuBadge/index.ts
koku-ui	UI-REFERENCE	apps/koku-ui-ros/src/routes/optimizations/optimizationsGpuBadge/optimizationsGpuBadge.tsx
koku-ui	UI-REFERENCE	apps/koku-ui-ros/src/routes/optimizations/optimizationsLink/optimizationsLink.tsx
koku-ui	UI-REFERENCE	apps/koku-ui-ros/src/routes/optimizations/optimizationsNamespacesBadge/index.ts
koku-ui	UI-REFERENCE	apps/koku-ui-ros/src/routes/optimizations/optimizationsNamespacesBadge/optimizationsNamespacesBadge.tsx
koku-ui	UI-REFERENCE	apps/koku-ui-ros/src/routes/optimizations/optimizationsNodesBadge/index.ts
koku-ui	UI-REFERENCE	apps/koku-ui-ros/src/routes/optimizations/optimizationsNodesBadge/optimizationsNodesBadge.tsx
koku-ui	UI-REFERENCE	apps/koku-ui-ros/src/routes/optimizations/optimizationsOcpBreakdown/optimizationsOcpBreakdown.tsx
koku-ui	UI-REFERENCE	apps/koku-ui-ros/src/routes/optimizations/optimizationsQuotaBadge/index.ts
koku-ui	UI-REFERENCE	apps/koku-ui-ros/src/routes/optimizations/optimizationsQuotaBadge/optimizationsQuotaBadge.tsx
koku-ui	UI-REFERENCE	apps/koku-ui-ros/src/routes/optimizations/optimizationsQuotaDetails/index.ts
koku-ui	UI-REFERENCE	apps/koku-ui-ros/src/routes/optimizations/optimizationsQuotaDetails/optimizationsQuotaDetails.tsx
koku-ui	UI-REFERENCE	apps/koku-ui-ros/src/routes/optimizations/optimizationsStorageBadge/index.ts
koku-ui	UI-REFERENCE	apps/koku-ui-ros/src/routes/optimizations/optimizationsStorageBadge/optimizationsStorageBadge.tsx
koku-ui	UI-REFERENCE	apps/koku-ui-ros/src/routes/optimizations/optimizationsStorageDetails/index.ts
koku-ui	UI-REFERENCE	apps/koku-ui-ros/src/routes/optimizations/optimizationsStorageDetails/optimizationsStorageDetails.tsx
koku-ui	UI-REFERENCE	apps/koku-ui-ros/src/routes/optimizations/optimizationsSummary/optimizationsSummary.tsx
koku-ui	UI-REFERENCE	apps/koku-ui-ros/src/routes/optimizations/optimizationsTabSummary/index.ts
koku-ui	UI-REFERENCE	apps/koku-ui-ros/src/routes/optimizations/optimizationsTabSummary/optimizationsTabSummaryBanner.tsx
koku-ui	UI-REFERENCE	apps/koku-ui-ros/src/routes/optimizations/optimizationsTable/crossTabLink.tsx
koku-ui	UI-REFERENCE	apps/koku-ui-ros/src/routes/optimizations/optimizationsTable/crossTabNavigation.ts
koku-ui	UI-REFERENCE	apps/koku-ui-ros/src/routes/optimizations/optimizationsTable/index.ts
koku-ui	UI-REFERENCE	apps/koku-ui-ros/src/routes/optimizations/optimizationsTable/nodeTableUtils.test.ts
koku-ui	UI-REFERENCE	apps/koku-ui-ros/src/routes/optimizations/optimizationsTable/nodeTableUtils.ts
koku-ui	UI-REFERENCE	apps/koku-ui-ros/src/routes/optimizations/optimizationsTable/optimizationStateCell.tsx
koku-ui	UI-REFERENCE	apps/koku-ui-ros/src/routes/optimizations/optimizationsTable/optimizationsClusterQuotasTable/index.ts
koku-ui	UI-REFERENCE	apps/koku-ui-ros/src/routes/optimizations/optimizationsTable/optimizationsClusterQuotasTable/optimizationsClusterQuotasDataTable.tsx
koku-ui	UI-REFERENCE	apps/koku-ui-ros/src/routes/optimizations/optimizationsTable/optimizationsClusterQuotasTable/optimizationsClusterQuotasTable.tsx
koku-ui	UI-REFERENCE	apps/koku-ui-ros/src/routes/optimizations/optimizationsTable/optimizationsClusterQuotasTable/optimizationsClusterQuotasToolbar.tsx
koku-ui	UI-REFERENCE	apps/koku-ui-ros/src/routes/optimizations/optimizationsTable/optimizationsContainersTable/optimizationsContainersDataTable.tsx
koku-ui	UI-REFERENCE	apps/koku-ui-ros/src/routes/optimizations/optimizationsTable/optimizationsContainersTable/optimizationsContainersTable.tsx
koku-ui	UI-REFERENCE	apps/koku-ui-ros/src/routes/optimizations/optimizationsTable/optimizationsContainersTable/optimizationsContainersToolbar.tsx
koku-ui	UI-REFERENCE	apps/koku-ui-ros/src/routes/optimizations/optimizationsTable/optimizationsDataTable.tsx
koku-ui	UI-REFERENCE	apps/koku-ui-ros/src/routes/optimizations/optimizationsTable/optimizationsGpuTable/index.ts
koku-ui	UI-REFERENCE	apps/koku-ui-ros/src/routes/optimizations/optimizationsTable/optimizationsGpuTable/optimizationsGpuDetails.tsx
koku-ui	UI-REFERENCE	apps/koku-ui-ros/src/routes/optimizations/optimizationsTable/optimizationsGpuTable/optimizationsGpuMigDataTable.tsx
koku-ui	UI-REFERENCE	apps/koku-ui-ros/src/routes/optimizations/optimizationsTable/optimizationsGpuTable/optimizationsGpuMigTable.tsx
koku-ui	UI-REFERENCE	apps/koku-ui-ros/src/routes/optimizations/optimizationsTable/optimizationsGpuTable/optimizationsGpuMigToolbar.tsx
koku-ui	UI-REFERENCE	apps/koku-ui-ros/src/routes/optimizations/optimizationsTable/optimizationsGpuTable/optimizationsGpuTimeslicingDataTable.tsx
koku-ui	UI-REFERENCE	apps/koku-ui-ros/src/routes/optimizations/optimizationsTable/optimizationsGpuTable/optimizationsGpuTimeslicingTable.tsx
koku-ui	UI-REFERENCE	apps/koku-ui-ros/src/routes/optimizations/optimizationsTable/optimizationsGpuTable/optimizationsGpuTimeslicingToolbar.tsx
koku-ui	UI-REFERENCE	apps/koku-ui-ros/src/routes/optimizations/optimizationsTable/optimizationsGpuTable/useOptimizationsGpuSubUrl.ts
koku-ui	UI-REFERENCE	apps/koku-ui-ros/src/routes/optimizations/optimizationsTable/optimizationsNamespacesTable/index.ts
koku-ui	UI-REFERENCE	apps/koku-ui-ros/src/routes/optimizations/optimizationsTable/optimizationsNamespacesTable/optimizationsNamespacesDataTable.tsx
koku-ui	UI-REFERENCE	apps/koku-ui-ros/src/routes/optimizations/optimizationsTable/optimizationsNamespacesTable/optimizationsNamespacesTable.tsx
koku-ui	UI-REFERENCE	apps/koku-ui-ros/src/routes/optimizations/optimizationsTable/optimizationsNamespacesTable/optimizationsNamespacesToolbar.tsx
koku-ui	UI-REFERENCE	apps/koku-ui-ros/src/routes/optimizations/optimizationsTable/optimizationsNodesTable/index.ts
koku-ui	UI-REFERENCE	apps/koku-ui-ros/src/routes/optimizations/optimizationsTable/optimizationsNodesTable/optimizationsNodesDataTable.tsx
koku-ui	UI-REFERENCE	apps/koku-ui-ros/src/routes/optimizations/optimizationsTable/optimizationsNodesTable/optimizationsNodesTable.tsx
koku-ui	UI-REFERENCE	apps/koku-ui-ros/src/routes/optimizations/optimizationsTable/optimizationsNodesTable/optimizationsNodesToolbar.tsx
koku-ui	UI-REFERENCE	apps/koku-ui-ros/src/routes/optimizations/optimizationsTable/optimizationsProjectionToolbar.tsx
koku-ui	UI-REFERENCE	apps/koku-ui-ros/src/routes/optimizations/optimizationsTable/optimizationsProjectsTable/optimizationsProjectsDataTable.tsx
koku-ui	UI-REFERENCE	apps/koku-ui-ros/src/routes/optimizations/optimizationsTable/optimizationsProjectsTable/optimizationsProjectsTable.tsx
koku-ui	UI-REFERENCE	apps/koku-ui-ros/src/routes/optimizations/optimizationsTable/optimizationsProjectsTable/optimizationsProjectsToolbar.tsx
koku-ui	UI-REFERENCE	apps/koku-ui-ros/src/routes/optimizations/optimizationsTable/optimizationsPvcsTable/index.ts
koku-ui	UI-REFERENCE	apps/koku-ui-ros/src/routes/optimizations/optimizationsTable/optimizationsPvcsTable/optimizationsPvcsDataTable.tsx
koku-ui	UI-REFERENCE	apps/koku-ui-ros/src/routes/optimizations/optimizationsTable/optimizationsPvcsTable/optimizationsPvcsTable.tsx
koku-ui	UI-REFERENCE	apps/koku-ui-ros/src/routes/optimizations/optimizationsTable/optimizationsPvcsTable/optimizationsPvcsToolbar.tsx
koku-ui	UI-REFERENCE	apps/koku-ui-ros/src/routes/optimizations/optimizationsTable/optimizationsQuotasTable/index.ts
koku-ui	UI-REFERENCE	apps/koku-ui-ros/src/routes/optimizations/optimizationsTable/optimizationsQuotasTable/optimizationsQuotasDataTable.tsx
koku-ui	UI-REFERENCE	apps/koku-ui-ros/src/routes/optimizations/optimizationsTable/optimizationsQuotasTable/optimizationsQuotasTable.tsx
koku-ui	UI-REFERENCE	apps/koku-ui-ros/src/routes/optimizations/optimizationsTable/optimizationsQuotasTable/optimizationsQuotasToolbar.tsx
koku-ui	UI-REFERENCE	apps/koku-ui-ros/src/routes/optimizations/optimizationsTable/optimizationsSnapshotsTable/index.ts
koku-ui	UI-REFERENCE	apps/koku-ui-ros/src/routes/optimizations/optimizationsTable/optimizationsSnapshotsTable/optimizationsSnapshotsDataTable.tsx
koku-ui	UI-REFERENCE	apps/koku-ui-ros/src/routes/optimizations/optimizationsTable/optimizationsSnapshotsTable/optimizationsSnapshotsTable.tsx
koku-ui	UI-REFERENCE	apps/koku-ui-ros/src/routes/optimizations/optimizationsTable/optimizationsSnapshotsTable/optimizationsSnapshotsToolbar.tsx
koku-ui	UI-REFERENCE	apps/koku-ui-ros/src/routes/optimizations/optimizationsTable/optimizationsSnapshotsTable/snapshotAgeDistributionChart.test.tsx
koku-ui	UI-REFERENCE	apps/koku-ui-ros/src/routes/optimizations/optimizationsTable/optimizationsSnapshotsTable/snapshotAgeDistributionChart.tsx
koku-ui	UI-REFERENCE	apps/koku-ui-ros/src/routes/optimizations/optimizationsTable/optimizationsSnapshotsTable/snapshotCostByTypeChart.test.tsx
koku-ui	UI-REFERENCE	apps/koku-ui-ros/src/routes/optimizations/optimizationsTable/optimizationsSnapshotsTable/snapshotCostByTypeChart.tsx
koku-ui	UI-REFERENCE	apps/koku-ui-ros/src/routes/optimizations/optimizationsTable/optimizationsSnapshotsTable/snapshotDetailModal.tsx
koku-ui	UI-REFERENCE	apps/koku-ui-ros/src/routes/optimizations/optimizationsTable/optimizationsStorageGroupByToolbar.tsx
koku-ui	UI-REFERENCE	apps/koku-ui-ros/src/routes/optimizations/optimizationsTable/optimizationsTable.tsx
koku-ui	UI-REFERENCE	apps/koku-ui-ros/src/routes/optimizations/optimizationsTable/optimizationsToolbar.tsx
koku-ui	UI-REFERENCE	apps/koku-ui-ros/src/routes/optimizations/optimizationsTable/optimizationsVmsTable/index.ts
koku-ui	UI-REFERENCE	apps/koku-ui-ros/src/routes/optimizations/optimizationsTable/optimizationsVmsTable/optimizationsVmsDataTable.tsx
koku-ui	UI-REFERENCE	apps/koku-ui-ros/src/routes/optimizations/optimizationsTable/optimizationsVmsTable/optimizationsVmsTable.tsx
koku-ui	UI-REFERENCE	apps/koku-ui-ros/src/routes/optimizations/optimizationsTable/optimizationsVmsTable/optimizationsVmsToolbar.tsx
koku-ui	UI-REFERENCE	apps/koku-ui-ros/src/routes/optimizations/optimizationsTable/quotaBadges.tsx
koku-ui	UI-REFERENCE	apps/koku-ui-ros/src/routes/optimizations/optimizationsTable/quotaResourceBreakdown.tsx
koku-ui	UI-REFERENCE	apps/koku-ui-ros/src/routes/optimizations/optimizationsTable/quotaTableUtils.test.ts
koku-ui	UI-REFERENCE	apps/koku-ui-ros/src/routes/optimizations/optimizationsTable/quotaTableUtils.ts
koku-ui	UI-REFERENCE	apps/koku-ui-ros/src/routes/optimizations/optimizationsTable/recommendationTagsLink.tsx
koku-ui	UI-REFERENCE	apps/koku-ui-ros/src/routes/optimizations/optimizationsTable/recommendationTermLabels.test.ts
koku-ui	UI-REFERENCE	apps/koku-ui-ros/src/routes/optimizations/optimizationsTable/recommendationTermLabels.ts
koku-ui	UI-REFERENCE	apps/koku-ui-ros/src/routes/optimizations/optimizationsTable/storageTableUtils.test.ts
koku-ui	UI-REFERENCE	apps/koku-ui-ros/src/routes/optimizations/optimizationsTable/storageTableUtils.ts
koku-ui	UI-REFERENCE	apps/koku-ui-ros/src/routes/optimizations/optimizationsTable/useClusterQuotaRecommendationsReport.ts
koku-ui	UI-REFERENCE	apps/koku-ui-ros/src/routes/optimizations/optimizationsTable/useGpuMigRecommendationsReport.ts
koku-ui	UI-REFERENCE	apps/koku-ui-ros/src/routes/optimizations/optimizationsTable/useGpuTimeslicingRecommendationsReport.ts
koku-ui	UI-REFERENCE	apps/koku-ui-ros/src/routes/optimizations/optimizationsTable/useNamespaceRecommendationsReport.ts
koku-ui	UI-REFERENCE	apps/koku-ui-ros/src/routes/optimizations/optimizationsTable/useNodeRecommendationsReport.ts
koku-ui	UI-REFERENCE	apps/koku-ui-ros/src/routes/optimizations/optimizationsTable/useOptimizationsNamespacesReport.ts
koku-ui	UI-REFERENCE	apps/koku-ui-ros/src/routes/optimizations/optimizationsTable/usePvcRecommendationsReport.ts
koku-ui	UI-REFERENCE	apps/koku-ui-ros/src/routes/optimizations/optimizationsTable/useQuotaRecommendationsReport.ts
koku-ui	UI-REFERENCE	apps/koku-ui-ros/src/routes/optimizations/optimizationsTable/useSavingsFallbackSort.ts
koku-ui	UI-REFERENCE	apps/koku-ui-ros/src/routes/optimizations/optimizationsTable/useSnapshotRecommendationsReport.ts
koku-ui	UI-REFERENCE	apps/koku-ui-ros/src/routes/optimizations/optimizationsTable/useVmRecommendationsReport.ts
koku-ui	UI-REFERENCE	apps/koku-ui-ros/src/routes/optimizations/optimizationsTable/useWorkloadTypes.ts
koku-ui	UI-REFERENCE	apps/koku-ui-ros/src/routes/optimizations/optimizationsTable/utils.tsx
koku-ui	UI-REFERENCE	apps/koku-ui-ros/src/routes/optimizations/optimizationsTable/vmTableUtils.ts
koku-ui	UI-REFERENCE	apps/koku-ui-ros/src/routes/optimizations/optimizationsVmsBadge/index.ts
koku-ui	UI-REFERENCE	apps/koku-ui-ros/src/routes/optimizations/optimizationsVmsBadge/optimizationsVmsBadge.tsx
koku-ui	UI-REFERENCE	apps/koku-ui-ros/src/routes/optimizations/qualityDashboard/index.ts
koku-ui	UI-REFERENCE	apps/koku-ui-ros/src/routes/optimizations/qualityDashboard/qualityCharts.tsx
koku-ui	UI-REFERENCE	apps/koku-ui-ros/src/routes/optimizations/qualityDashboard/qualityDashboard.tsx
koku-ui	UI-REFERENCE	apps/koku-ui-ros/src/routes/optimizations/qualityDashboard/qualityKpis.tsx
koku-ui	UI-REFERENCE	apps/koku-ui-ros/src/routes/optimizations/qualityDashboard/qualityToolbar.tsx
koku-ui	UI-REFERENCE	apps/koku-ui-ros/src/routes/optimizations/savingsWaterfallChart/index.ts
koku-ui	UI-REFERENCE	apps/koku-ui-ros/src/routes/optimizations/savingsWaterfallChart/savingsWaterfallChart.test.tsx
koku-ui	UI-REFERENCE	apps/koku-ui-ros/src/routes/optimizations/savingsWaterfallChart/savingsWaterfallChart.tsx
koku-ui	UI-REFERENCE	apps/koku-ui-ros/src/routes/optimizations/settings/decayCurveChart.tsx
koku-ui	UI-REFERENCE	apps/koku-ui-ros/src/routes/optimizations/settings/decaySettings.test.tsx
koku-ui	UI-REFERENCE	apps/koku-ui-ros/src/routes/optimizations/settings/decaySettings.tsx
koku-ui	UI-REFERENCE	apps/koku-ui-ros/src/routes/optimizations/settings/index.ts
koku-ui	UI-REFERENCE	apps/koku-ui-ros/src/routes/optimizations/storageNavigation.test.ts
koku-ui	UI-REFERENCE	apps/koku-ui-ros/src/routes/optimizations/storageNavigation.ts
koku-ui	UI-REFERENCE	apps/koku-ui-ros/src/routes/optimizations/useOptimizationsQuotaSubUrl.ts
koku-ui	UI-REFERENCE	apps/koku-ui-ros/src/routes/optimizations/useOptimizationsSubUrl.ts
koku-ui	UI-REFERENCE	apps/koku-ui-ros/src/routes/optimizations/visualInsightsUtils/accessibilityTable.tsx
koku-ui	UI-REFERENCE	apps/koku-ui-ros/src/routes/optimizations/visualInsightsUtils/heatmapColors.ts
koku-ui	UI-REFERENCE	apps/koku-ui-ros/src/routes/optimizations/visualInsightsUtils/index.ts
koku-ui	UI-REFERENCE	apps/koku-ui-ros/src/routes/optimizations/visualInsightsUtils/utilizationHeatmap.test.tsx
koku-ui	UI-REFERENCE	apps/koku-ui-ros/src/routes/optimizations/visualInsightsUtils/utilizationHeatmap.tsx
koku-ui	UI-REFERENCE	apps/koku-ui-ros/src/routes/staging/optimizations/ocpOptimizationsBreakdownStaging.tsx
koku-ui	UI-REFERENCE	apps/koku-ui-ros/src/routes/staging/optimizations/ocpOptimizationsStaging.tsx
koku-ui	UI-REFERENCE	apps/koku-ui-ros/src/routes/staging/optimizations/optimizationsBadgeStaging.tsx
koku-ui	UI-REFERENCE	apps/koku-ui-ros/src/routes/staging/optimizations/optimizationsContainersTableStaging.tsx
koku-ui	UI-REFERENCE	apps/koku-ui-ros/src/routes/staging/optimizations/optimizationsDetailsBreakdownStaging.tsx
koku-ui	UI-REFERENCE	apps/koku-ui-ros/src/routes/staging/optimizations/optimizationsDetailsStaging.tsx
koku-ui	UI-REFERENCE	apps/koku-ui-ros/src/routes/staging/optimizations/optimizationsLinkStaging.tsx
koku-ui	UI-REFERENCE	apps/koku-ui-ros/src/routes/staging/optimizations/optimizationsProjectsTableStaging.tsx
koku-ui	UI-REFERENCE	apps/koku-ui-ros/src/routes/staging/optimizations/optimizationsSummaryStaging.tsx
koku-ui	UI-REFERENCE	apps/koku-ui-ros/src/routes/utils/filter.test.ts
koku-ui	UI-REFERENCE	apps/koku-ui-ros/src/routes/utils/filter.ts
koku-ui	UI-REFERENCE	apps/koku-ui-ros/src/routes/utils/query.test.ts
koku-ui	UI-REFERENCE	apps/koku-ui-ros/src/routes/utils/query.ts
koku-ui	UI-REFERENCE	apps/koku-ui-ros/src/routes/utils/useUrlState.test.ts
koku-ui	UI-REFERENCE	apps/koku-ui-ros/src/routes/utils/useUrlState.ts
koku-ui	UI-REFERENCE	apps/koku-ui-ros/src/store/featureToggle/__snapshots__/featureToggle.test.ts.snap
koku-ui	UI-REFERENCE	apps/koku-ui-ros/src/store/featureToggle/featureToggleActions.ts
koku-ui	UI-REFERENCE	apps/koku-ui-ros/src/store/featureToggle/featureToggleReducer.ts
koku-ui	UI-REFERENCE	apps/koku-ui-ros/src/store/featureToggle/featureToggleSelectors.ts
koku-ui	UI-REFERENCE	apps/koku-ui-ros/src/store/rootReducer.ts
koku-ui	UI-REFERENCE	apps/koku-ui-ros/src/store/ros/__snapshots__/ros.test.ts.snap
koku-ui	UI-REFERENCE	apps/koku-ui-ros/src/store/ros/ros.test.ts
koku-ui	UI-REFERENCE	apps/koku-ui-ros/src/store/ros/rosActions.ts
koku-ui	UI-REFERENCE	apps/koku-ui-ros/src/store/ros/rosReducer.ts
koku-ui	UI-REFERENCE	apps/koku-ui-ros/src/store/ros/rosSelectors.ts
koku-ui	UI-REFERENCE	apps/koku-ui-ros/src/store/tags/index.ts
koku-ui	UI-REFERENCE	apps/koku-ui-ros/src/store/tags/tagActions.ts
koku-ui	UI-REFERENCE	apps/koku-ui-ros/src/store/tags/tagCommon.ts
koku-ui	UI-REFERENCE	apps/koku-ui-ros/src/store/tags/tagReducer.ts
koku-ui	UI-REFERENCE	apps/koku-ui-ros/src/store/tags/tagSelectors.ts
koku-ui	UI-REFERENCE	apps/koku-ui-ros/src/styles/global.css
koku-ui	UI-REFERENCE	apps/koku-ui-ros/src/utils/decayWeighting.test.ts
koku-ui	UI-REFERENCE	apps/koku-ui-ros/src/utils/decayWeighting.ts
koku-ui	UI-REFERENCE	apps/koku-ui-ros/src/utils/notifications.ts
koku-ui	UI-REFERENCE	apps/koku-ui-ros/src/utils/paths.ts
koku-ui	UI-REFERENCE	apps/koku-ui-ros/src/utils/recommendationIds.test.ts
koku-ui	UI-REFERENCE	apps/koku-ui-ros/src/utils/recommendationIds.ts
koku-ui	UI-REFERENCE	apps/koku-ui-ros/webpack-onprem.config.ts
koku-ui	UI-REFERENCE	apps/koku-ui-sources/package.json
koku-ui	UI-REFERENCE	apps/rbac-ui-onprem/README.md
koku-ui	UI-REFERENCE	apps/rbac-ui-onprem/package.json
koku-ui	UI-REFERENCE	apps/rbac-ui-onprem/src/entry.tsx
koku-ui	UI-REFERENCE	apps/rbac-ui-onprem/webpack.config.ts
koku-ui	UI-REFERENCE	libs/onprem-cloud-deps/src/unleash/proxy-client-react.ts
koku-ui	UI-REFERENCE	libs/token-refresher/README.md
koku-ui	UI-REFERENCE	libs/token-refresher/package.json
koku-ui	UI-REFERENCE	libs/token-refresher/src/TokenRefresher.ts
koku-ui	UI-REFERENCE	libs/token-refresher/src/devServerProxy.ts
koku-ui	UI-REFERENCE	libs/token-refresher/src/index.ts
koku-ui	UI-REFERENCE	libs/token-refresher/src/keycloak.ts
koku-ui	UI-REFERENCE	libs/token-refresher/test/TokenRefresher.test.ts
koku-ui	UI-REFERENCE	libs/token-refresher/test/keycloak.test.ts
koku-ui	UI-REFERENCE	libs/token-refresher/tsconfig.build.json
koku-ui	UI-REFERENCE	libs/token-refresher/tsconfig.json
koku-ui	UI-REFERENCE	package-lock.json
koku-ui	UI-REFERENCE	package.json
koku-ui	UI-REFERENCE	scripts/start-onprem-auth.mts
koku-ui	UI-REFERENCE	vendor/insights-rbac-ui
iqe-ros-ocp-plugin	IQE-ROS-1.1	.gitlab-ci.yml
iqe-ros-ocp-plugin	IQE-ROS-1.1	README.md
iqe-ros-ocp-plugin	IQE-ROS-1.1	iqe_ros_ocp/conf/requirements.yaml
iqe-ros-ocp-plugin	IQE-ROS-1.1	iqe_ros_ocp/conf/ros_ocp.default.yaml
iqe-ros-ocp-plugin	IQE-ROS-1.1	iqe_ros_ocp/data/api.ros_ocp.ros_ocp_api.spec.json
iqe-ros-ocp-plugin	IQE-ROS-1.1	iqe_ros_ocp/data/nise_data/ocp_static_report_ros_oom.yml
iqe-ros-ocp-plugin	IQE-ROS-1.1	iqe_ros_ocp/entities/__init__.py
iqe-ros-ocp-plugin	IQE-ROS-1.1	iqe_ros_ocp/fixtures/constants.py
iqe-ros-ocp-plugin	IQE-ROS-1.1	iqe_ros_ocp/fixtures/ros_idle.py
iqe-ros-ocp-plugin	IQE-ROS-1.1	iqe_ros_ocp/fixtures/ros_savings.py
iqe-ros-ocp-plugin	IQE-ROS-1.1	iqe_ros_ocp/fixtures/sources.py
iqe-ros-ocp-plugin	IQE-ROS-1.1	iqe_ros_ocp/pytest_plugin.py
iqe-ros-ocp-plugin	IQE-ROS-1.1	iqe_ros_ocp/tests/kruise/test_endpoints.py
iqe-ros-ocp-plugin	IQE-ROS-1.1	iqe_ros_ocp/tests/rest/test_apispec.py
iqe-ros-ocp-plugin	IQE-ROS-1.1	iqe_ros_ocp/tests/rest/test_boxplots.py
iqe-ros-ocp-plugin	IQE-ROS-1.1	iqe_ros_ocp/tests/rest/test_business_hours.py
iqe-ros-ocp-plugin	IQE-ROS-1.1	iqe_ros_ocp/tests/rest/test_capabilities.py
iqe-ros-ocp-plugin	IQE-ROS-4.1	iqe_ros_ocp/tests/rest/test_cluster_quota_recommendations.py
iqe-ros-ocp-plugin	IQE-ROS-1.1	iqe_ros_ocp/tests/rest/test_container_recommendations.py
iqe-ros-ocp-plugin	IQE-ROS-1.1	iqe_ros_ocp/tests/rest/test_endpoints.py
iqe-ros-ocp-plugin	IQE-ROS-1.1	iqe_ros_ocp/tests/rest/test_filters.py
iqe-ros-ocp-plugin	IQE-ROS-1.1	iqe_ros_ocp/tests/rest/test_fleet_heatmap.py
iqe-ros-ocp-plugin	IQE-ROS-1.1	iqe_ros_ocp/tests/rest/test_fleet_summary.py
iqe-ros-ocp-plugin	IQE-ROS-6.1	iqe_ros_ocp/tests/rest/test_gpu_recommendations.py
iqe-ros-ocp-plugin	IQE-ROS-6.1	iqe_ros_ocp/tests/rest/test_gpu_summary.py
iqe-ros-ocp-plugin	IQE-ROS-1.1	iqe_ros_ocp/tests/rest/test_idle_detection.py
iqe-ros-ocp-plugin	IQE-ROS-10.1	iqe_ros_ocp/tests/rest/test_machinesets.py
iqe-ros-ocp-plugin	IQE-ROS-1.5.1	iqe_ros_ocp/tests/rest/test_namespace_engine_filter.py
iqe-ros-ocp-plugin	IQE-ROS-2.1	iqe_ros_ocp/tests/rest/test_namespace_filter.py
iqe-ros-ocp-plugin	IQE-ROS-2.1	iqe_ros_ocp/tests/rest/test_namespace_ordering.py
iqe-ros-ocp-plugin	IQE-ROS-2.1	iqe_ros_ocp/tests/rest/test_namespace_recommendation_detail.py
iqe-ros-ocp-plugin	IQE-ROS-1.1	iqe_ros_ocp/tests/rest/test_namespace_recommendation_history.py
iqe-ros-ocp-plugin	IQE-ROS-2.1	iqe_ros_ocp/tests/rest/test_namespace_recommendation_list.py
iqe-ros-ocp-plugin	IQE-ROS-2.1	iqe_ros_ocp/tests/rest/test_namespace_recommendations.py
iqe-ros-ocp-plugin	IQE-ROS-1.1	iqe_ros_ocp/tests/rest/test_native_engine.py
iqe-ros-ocp-plugin	IQE-ROS-1.5.1	iqe_ros_ocp/tests/rest/test_node_engine_filter.py
iqe-ros-ocp-plugin	IQE-ROS-3.1	iqe_ros_ocp/tests/rest/test_node_hourly_utilization.py
iqe-ros-ocp-plugin	IQE-ROS-3.1	iqe_ros_ocp/tests/rest/test_node_list_smoke.py
iqe-ros-ocp-plugin	IQE-ROS-3.1	iqe_ros_ocp/tests/rest/test_node_recommendations.py
iqe-ros-ocp-plugin	IQE-ROS-3.1	iqe_ros_ocp/tests/rest/test_node_utilization.py
iqe-ros-ocp-plugin	IQE-ROS-1.1	iqe_ros_ocp/tests/rest/test_notifications.py
iqe-ros-ocp-plugin	IQE-ROS-1.1	iqe_ros_ocp/tests/rest/test_oom.py
iqe-ros-ocp-plugin	IQE-ROS-1.1	iqe_ros_ocp/tests/rest/test_oom_timeline.py
iqe-ros-ocp-plugin	IQE-ROS-5.1	iqe_ros_ocp/tests/rest/test_pvc_recommendations.py
iqe-ros-ocp-plugin	IQE-ROS-5.1	iqe_ros_ocp/tests/rest/test_pvc_storage_groupby.py
iqe-ros-ocp-plugin	IQE-ROS-1.1	iqe_ros_ocp/tests/rest/test_quality.py
iqe-ros-ocp-plugin	IQE-ROS-4.1	iqe_ros_ocp/tests/rest/test_quota_recommendations.py
iqe-ros-ocp-plugin	IQE-ROS-1.1	iqe_ros_ocp/tests/rest/test_recommendation_history.py
iqe-ros-ocp-plugin	IQE-ROS-1.1	iqe_ros_ocp/tests/rest/test_ros_tag_groupby.py
iqe-ros-ocp-plugin	IQE-ROS-1.1	iqe_ros_ocp/tests/rest/test_savings_recalculate.py
iqe-ros-ocp-plugin	IQE-ROS-1.1	iqe_ros_ocp/tests/rest/test_savings_summary.py
iqe-ros-ocp-plugin	IQE-ROS-1.1	iqe_ros_ocp/tests/rest/test_savings_summary_engine.py
iqe-ros-ocp-plugin	IQE-ROS-1.1	iqe_ros_ocp/tests/rest/test_settings_dual_percentiles.py
iqe-ros-ocp-plugin	IQE-ROS-5.1	iqe_ros_ocp/tests/rest/test_snapshot_age_distribution.py
iqe-ros-ocp-plugin	IQE-ROS-5.1	iqe_ros_ocp/tests/rest/test_snapshot_cost_by_type.py
iqe-ros-ocp-plugin	IQE-ROS-5.1	iqe_ros_ocp/tests/rest/test_snapshot_recommendations.py
iqe-ros-ocp-plugin	IQE-ROS-1.1	iqe_ros_ocp/tests/rest/test_tags_status_sync.py
iqe-ros-ocp-plugin	IQE-ROS-1.1	iqe_ros_ocp/tests/rest/test_term_settings.py
iqe-ros-ocp-plugin	IQE-ROS-1.1	iqe_ros_ocp/tests/rest/test_threshold_settings.py
iqe-ros-ocp-plugin	IQE-ROS-1.5.1	iqe_ros_ocp/tests/rest/test_vm_engine_filter.py
iqe-ros-ocp-plugin	IQE-ROS-7.1	iqe_ros_ocp/tests/rest/test_vm_hourly_activity.py
iqe-ros-ocp-plugin	IQE-ROS-7.1	iqe_ros_ocp/tests/rest/test_vm_instance_types.py
iqe-ros-ocp-plugin	IQE-ROS-7.1	iqe_ros_ocp/tests/rest/test_vm_recommendations.py
iqe-ros-ocp-plugin	IQE-ROS-1.1	iqe_ros_ocp/tests/rest/test_workload_types.py
iqe-ros-ocp-plugin	IQE-ROS-1.1	iqe_ros_ocp/utils/data.py
iqe-ros-ocp-plugin	IQE-ROS-2.1	iqe_ros_ocp_api/api/namespace_optimizations_api.py
iqe-ros-ocp-plugin	IQE-ROS-1.1	iqe_ros_ocp_api/docs/NamespaceOptimizationsApi.md
iqe-ros-ocp-plugin	IQE-ROS-1.1	iqe_ros_ocp_api_README.md
iqe-cost-management-plugin	IQE-CM-1.1	README.md
iqe-cost-management-plugin	IQE-CM-1.1	iqe_cost_management/conf/requirements.yaml
iqe-cost-management-plugin	IQE-CM-1.1	iqe_cost_management/conftest.py
iqe-cost-management-plugin	IQE-CM-1.1	iqe_cost_management/data/openshift/cluster_instance_types_vm_preferences.json
iqe-cost-management-plugin	IQE-CM-1.1	iqe_cost_management/data/openshift/ocp_report_0_template.yml
iqe-cost-management-plugin	IQE-CM-1.1	iqe_cost_management/data/openshift/ocp_report_ros_0.yml
iqe-cost-management-plugin	IQE-CM-1.1	iqe_cost_management/data/openshift/ocp_report_ros_vm.yml
iqe-cost-management-plugin	IQE-CM-1.1	iqe_cost_management/fixtures/api_params.py
iqe-cost-management-plugin	IQE-CM-1.1	iqe_cost_management/fixtures/constants.py
iqe-cost-management-plugin	IQE-CM-1.1	iqe_cost_management/fixtures/helpers.py
iqe-cost-management-plugin	IQE-CM-1.1	iqe_cost_management/fixtures/ocp_fixtures.py
iqe-cost-management-plugin	IQE-CM-1.1	iqe_cost_management/fixtures/operator_constants.py
iqe-cost-management-plugin	IQE-CM-1.1	iqe_cost_management/fixtures/ros_idle.py
iqe-cost-management-plugin	IQE-CM-1.1	iqe_cost_management/fixtures/ros_savings.py
iqe-cost-management-plugin	IQE-CM-1.1	iqe_cost_management/fixtures/tag_fixtures.py
iqe-cost-management-plugin	IQE-CM-1.1	iqe_cost_management/tests/data_setup/test_all_data_ingest.py
iqe-cost-management-plugin	IQE-CM-1.1	iqe_cost_management/tests/rest_api/v1/test__cost_model.py
iqe-cost-management-plugin	IQE-CM-1.1	iqe_cost_management/tests/rest_api/v1/test__i_source_k_usage_raw_calcs.py
iqe-cost-management-plugin	IQE-CM-1.1	iqe_cost_management/tests/rest_api/v1/test__ocp_all_bucketing.py
iqe-cost-management-plugin	IQE-CM-1.1	iqe_cost_management/tests/rest_api/v1/test__ocp_cost_reports.py
iqe-cost-management-plugin	IQE-CM-6.1	iqe_cost_management/tests/rest_api/v1/test__ocp_gpu_reports.py
iqe-cost-management-plugin	IQE-CM-6.1	iqe_cost_management/tests/rest_api/v1/test__ocp_mig_reports.py
iqe-cost-management-plugin	IQE-CM-1.1	iqe_cost_management/tests/rest_api/v1/test__ocp_virtual_machines_reports.py
iqe-cost-management-plugin	IQE-CM-1.1	iqe_cost_management/tests/rest_api/v1/test__ocp_volume_reports.py
iqe-cost-management-plugin	IQE-CM-1.1	iqe_cost_management/tests/rest_api/v1/test_currency.py
iqe-cost-management-plugin	IQE-CM-1.1	iqe_cost_management/tests/rest_api/v1/test_forecasting.py
iqe-cost-management-plugin	IQE-CM-1.1	iqe_cost_management/tests/rest_api/v1/test_resource_type_endpoints.py
iqe-cost-management-plugin	IQE-CM-1.1	iqe_cost_management/tests/rest_api/v1/test_ros.py
iqe-cost-management-plugin	IQE-CM-1.1	iqe_cost_management/tests/rest_api/v1/test_ros_business_hours.py
iqe-cost-management-plugin	IQE-CM-1.1	iqe_cost_management/tests/rest_api/v1/test_ros_cluster_quota_recommendations.py
iqe-cost-management-plugin	IQE-CM-1.1	iqe_cost_management/tests/rest_api/v1/test_ros_container_detail.py
iqe-cost-management-plugin	IQE-CM-1.1	iqe_cost_management/tests/rest_api/v1/test_ros_fleet_summary.py
iqe-cost-management-plugin	IQE-CM-1.1	iqe_cost_management/tests/rest_api/v1/test_ros_gpu_recommendations.py
iqe-cost-management-plugin	IQE-CM-1.1	iqe_cost_management/tests/rest_api/v1/test_ros_idle_detection.py
iqe-cost-management-plugin	IQE-CM-1.1	iqe_cost_management/tests/rest_api/v1/test_ros_namespace_recommendations.py
iqe-cost-management-plugin	IQE-CM-1.1	iqe_cost_management/tests/rest_api/v1/test_ros_node_recommendations.py
iqe-cost-management-plugin	IQE-CM-1.1	iqe_cost_management/tests/rest_api/v1/test_ros_node_utilization.py
iqe-cost-management-plugin	IQE-CM-1.1	iqe_cost_management/tests/rest_api/v1/test_ros_pvc_recommendations.py
iqe-cost-management-plugin	IQE-CM-1.1	iqe_cost_management/tests/rest_api/v1/test_ros_quota_recommendations.py
iqe-cost-management-plugin	IQE-CM-1.1	iqe_cost_management/tests/rest_api/v1/test_ros_recommendation_history.py
iqe-cost-management-plugin	IQE-CM-1.1	iqe_cost_management/tests/rest_api/v1/test_ros_recommendation_quality.py
iqe-cost-management-plugin	IQE-CM-1.1	iqe_cost_management/tests/rest_api/v1/test_ros_savings_summary.py
iqe-cost-management-plugin	IQE-CM-1.1	iqe_cost_management/tests/rest_api/v1/test_ros_snapshot_recommendations.py
iqe-cost-management-plugin	IQE-CM-1.1	iqe_cost_management/tests/rest_api/v1/test_ros_term_settings.py
iqe-cost-management-plugin	IQE-CM-1.1	iqe_cost_management/tests/rest_api/v1/test_ros_threshold_settings.py
iqe-cost-management-plugin	IQE-CM-1.1	iqe_cost_management/tests/rest_api/v1/test_ros_vm_recommendations.py
